sourceId,sourcePage,sourceType,treatment,destinationSectionId,destinationRoute,citationStatus,rightsStatus,publicPrivacyStatus,migrationStatus,editorialNote
p1,1,paragraph,private-source-only,,,verified,not-applicable,private,approved,"Title block containing the author name, personal email address and phone number. The name is published; the contact details are not, and a build-time scan enforces that."
p2,1,paragraph,private-source-only,,,not-required,not-applicable,private,approved,"Title block containing the author name, personal email address and phone number. The name is published; the contact details are not, and a build-time scan enforces that."
p3,1,other,omitted-as-formatting-only,,,not-required,not-applicable,safe,approved,Empty paragraph used for spacing in the source document.
p5,1,table,relocated,,/,verified,not-applicable,safe,approved,"Opening comparison of the two views, relocated to the homepage orientation panels and to Compare the Views."
p7,1,image,relocated,,/,not-required,not-applicable,safe,approved,"Opening comparison of the two views, relocated to the homepage orientation panels and to Compare the Views."
p8,1,paragraph,relocated,,/,not-required,not-applicable,safe,approved,"Opening comparison of the two views, relocated to the homepage orientation panels and to Compare the Views."
p9,1,other,omitted-as-formatting-only,,,not-required,not-applicable,safe,approved,Empty paragraph used for spacing in the source document.
p10,1,paragraph,relocated,,/,verified,not-applicable,safe,approved,"Opening comparison of the two views, relocated to the homepage orientation panels and to Compare the Views."
p11,1,paragraph,relocated,,/,not-required,not-applicable,safe,approved,"Opening comparison of the two views, relocated to the homepage orientation panels and to Compare the Views."
p12,1,other,omitted-as-formatting-only,,,not-required,not-applicable,safe,approved,Empty paragraph used for spacing in the source document.
p13,1,paragraph,relocated,,/,not-required,not-applicable,safe,approved,"Opening comparison of the two views, relocated to the homepage orientation panels and to Compare the Views."
p14,1,other,omitted-as-formatting-only,,,not-required,not-applicable,safe,approved,Empty paragraph used for spacing in the source document.
p15,1,paragraph,relocated,,/,not-required,not-applicable,safe,approved,"Opening comparison of the two views, relocated to the homepage orientation panels and to Compare the Views."
p17,1,table,relocated,,/,not-required,not-applicable,safe,approved,"Opening comparison of the two views, relocated to the homepage orientation panels and to Compare the Views."
p18,1,table,relocated,,/,not-required,not-applicable,safe,approved,"Opening comparison of the two views, relocated to the homepage orientation panels and to Compare the Views."
p19,1,table,relocated,,/,not-required,not-applicable,safe,approved,"Opening comparison of the two views, relocated to the homepage orientation panels and to Compare the Views."
p20,1,table,relocated,,/,not-required,not-applicable,safe,approved,"Opening comparison of the two views, relocated to the homepage orientation panels and to Compare the Views."
p21,1,table,relocated,,/,not-required,not-applicable,safe,approved,"Opening comparison of the two views, relocated to the homepage orientation panels and to Compare the Views."
p23,1,paragraph,summarized,,/case/,not-required,not-applicable,safe,approved,"Table of contents and its per-section summary bullets. Regenerated from the section registry, so the contents listing and the summaries can no longer drift apart."
p24,1,image,summarized,,/case/,not-required,not-applicable,safe,approved,"Table of contents and its per-section summary bullets. Regenerated from the section registry, so the contents listing and the summaries can no longer drift apart."
p25,1,paragraph,summarized,,/case/,not-required,not-applicable,safe,approved,"Table of contents and its per-section summary bullets. Regenerated from the section registry, so the contents listing and the summaries can no longer drift apart."
p26,1,paragraph,summarized,,/case/,not-required,not-applicable,safe,approved,"Table of contents and its per-section summary bullets. Regenerated from the section registry, so the contents listing and the summaries can no longer drift apart."
p27,1,paragraph,summarized,,/case/,not-required,not-applicable,safe,approved,"Table of contents and its per-section summary bullets. Regenerated from the section registry, so the contents listing and the summaries can no longer drift apart."
p28,1,paragraph,summarized,,/case/,not-required,not-applicable,safe,approved,"Table of contents and its per-section summary bullets. Regenerated from the section registry, so the contents listing and the summaries can no longer drift apart."
p29,2,paragraph,summarized,,/case/,not-required,not-applicable,safe,approved,"Table of contents and its per-section summary bullets. Regenerated from the section registry, so the contents listing and the summaries can no longer drift apart."
p30,2,paragraph,summarized,,/case/,not-required,not-applicable,safe,approved,"Table of contents and its per-section summary bullets. Regenerated from the section registry, so the contents listing and the summaries can no longer drift apart."
p31,2,paragraph,summarized,,/case/,not-required,not-applicable,safe,approved,"Table of contents and its per-section summary bullets. Regenerated from the section registry, so the contents listing and the summaries can no longer drift apart."
p32,2,paragraph,summarized,,/case/,not-required,not-applicable,safe,approved,"Table of contents and its per-section summary bullets. Regenerated from the section registry, so the contents listing and the summaries can no longer drift apart."
p33,2,paragraph,summarized,,/case/,not-required,not-applicable,safe,approved,"Table of contents and its per-section summary bullets. Regenerated from the section registry, so the contents listing and the summaries can no longer drift apart."
p34,2,paragraph,summarized,,/case/,not-required,not-applicable,safe,approved,"Table of contents and its per-section summary bullets. Regenerated from the section registry, so the contents listing and the summaries can no longer drift apart."
p35,2,paragraph,summarized,,/case/,not-required,not-applicable,safe,approved,"Table of contents and its per-section summary bullets. Regenerated from the section registry, so the contents listing and the summaries can no longer drift apart."
p36,2,paragraph,summarized,,/case/,not-required,not-applicable,safe,approved,"Table of contents and its per-section summary bullets. Regenerated from the section registry, so the contents listing and the summaries can no longer drift apart."
p37,2,paragraph,summarized,,/case/,not-required,not-applicable,safe,approved,"Table of contents and its per-section summary bullets. Regenerated from the section registry, so the contents listing and the summaries can no longer drift apart."
p38,2,paragraph,summarized,,/case/,not-required,not-applicable,safe,approved,"Table of contents and its per-section summary bullets. Regenerated from the section registry, so the contents listing and the summaries can no longer drift apart."
p39,2,paragraph,summarized,,/case/,not-required,not-applicable,safe,approved,"Table of contents and its per-section summary bullets. Regenerated from the section registry, so the contents listing and the summaries can no longer drift apart."
p40,2,paragraph,summarized,,/case/,not-required,not-applicable,safe,approved,"Table of contents and its per-section summary bullets. Regenerated from the section registry, so the contents listing and the summaries can no longer drift apart."
p41,2,paragraph,summarized,,/case/,not-required,not-applicable,safe,approved,"Table of contents and its per-section summary bullets. Regenerated from the section registry, so the contents listing and the summaries can no longer drift apart."
p42,2,paragraph,summarized,,/case/,not-required,not-applicable,safe,approved,"Table of contents and its per-section summary bullets. Regenerated from the section registry, so the contents listing and the summaries can no longer drift apart."
p43,2,paragraph,summarized,,/case/,not-required,not-applicable,safe,approved,"Table of contents and its per-section summary bullets. Regenerated from the section registry, so the contents listing and the summaries can no longer drift apart."
p44,2,paragraph,summarized,,/case/,not-required,not-applicable,safe,approved,"Table of contents and its per-section summary bullets. Regenerated from the section registry, so the contents listing and the summaries can no longer drift apart."
p45,2,paragraph,summarized,,/case/,not-required,not-applicable,safe,approved,"Table of contents and its per-section summary bullets. Regenerated from the section registry, so the contents listing and the summaries can no longer drift apart."
p46,2,paragraph,summarized,,/case/,not-required,not-applicable,safe,approved,"Table of contents and its per-section summary bullets. Regenerated from the section registry, so the contents listing and the summaries can no longer drift apart."
p47,2,paragraph,summarized,,/case/,not-required,not-applicable,safe,approved,"Table of contents and its per-section summary bullets. Regenerated from the section registry, so the contents listing and the summaries can no longer drift apart."
p48,3,paragraph,summarized,,/case/,not-required,not-applicable,safe,approved,"Table of contents and its per-section summary bullets. Regenerated from the section registry, so the contents listing and the summaries can no longer drift apart."
p49,3,paragraph,summarized,,/case/,not-required,not-applicable,safe,approved,"Table of contents and its per-section summary bullets. Regenerated from the section registry, so the contents listing and the summaries can no longer drift apart."
p50,3,paragraph,summarized,,/case/,not-required,not-applicable,safe,approved,"Table of contents and its per-section summary bullets. Regenerated from the section registry, so the contents listing and the summaries can no longer drift apart."
p51,3,paragraph,summarized,,/case/,not-required,not-applicable,safe,approved,"Table of contents and its per-section summary bullets. Regenerated from the section registry, so the contents listing and the summaries can no longer drift apart."
p52,3,paragraph,summarized,,/case/,not-required,not-applicable,safe,approved,"Table of contents and its per-section summary bullets. Regenerated from the section registry, so the contents listing and the summaries can no longer drift apart."
p53,3,paragraph,summarized,,/case/,not-required,not-applicable,safe,approved,"Table of contents and its per-section summary bullets. Regenerated from the section registry, so the contents listing and the summaries can no longer drift apart."
p54,3,paragraph,summarized,,/case/,not-required,not-applicable,safe,approved,"Table of contents and its per-section summary bullets. Regenerated from the section registry, so the contents listing and the summaries can no longer drift apart."
p55,3,paragraph,summarized,,/case/,not-required,not-applicable,safe,approved,"Table of contents and its per-section summary bullets. Regenerated from the section registry, so the contents listing and the summaries can no longer drift apart."
p56,3,paragraph,summarized,,/case/,not-required,not-applicable,safe,approved,"Table of contents and its per-section summary bullets. Regenerated from the section registry, so the contents listing and the summaries can no longer drift apart."
p57,3,paragraph,summarized,,/case/,not-required,not-applicable,safe,approved,"Table of contents and its per-section summary bullets. Regenerated from the section registry, so the contents listing and the summaries can no longer drift apart."
p58,3,paragraph,summarized,,/case/,not-required,not-applicable,safe,approved,"Table of contents and its per-section summary bullets. Regenerated from the section registry, so the contents listing and the summaries can no longer drift apart."
p59,3,paragraph,summarized,,/case/,not-required,not-applicable,safe,approved,"Table of contents and its per-section summary bullets. Regenerated from the section registry, so the contents listing and the summaries can no longer drift apart."
p60,3,paragraph,summarized,,/case/,not-required,not-applicable,safe,approved,"Table of contents and its per-section summary bullets. Regenerated from the section registry, so the contents listing and the summaries can no longer drift apart."
p61,3,paragraph,summarized,,/case/,not-required,not-applicable,safe,approved,"Table of contents and its per-section summary bullets. Regenerated from the section registry, so the contents listing and the summaries can no longer drift apart."
p62,3,paragraph,summarized,,/case/,not-required,not-applicable,safe,approved,"Table of contents and its per-section summary bullets. Regenerated from the section registry, so the contents listing and the summaries can no longer drift apart."
p63,3,paragraph,summarized,,/case/,not-required,not-applicable,safe,approved,"Table of contents and its per-section summary bullets. Regenerated from the section registry, so the contents listing and the summaries can no longer drift apart."
p64,3,paragraph,summarized,,/case/,not-required,not-applicable,safe,approved,"Table of contents and its per-section summary bullets. Regenerated from the section registry, so the contents listing and the summaries can no longer drift apart."
p65,3,paragraph,summarized,,/case/,not-required,not-applicable,safe,approved,"Table of contents and its per-section summary bullets. Regenerated from the section registry, so the contents listing and the summaries can no longer drift apart."
p66,3,paragraph,summarized,,/case/,not-required,not-applicable,safe,approved,"Table of contents and its per-section summary bullets. Regenerated from the section registry, so the contents listing and the summaries can no longer drift apart."
p67,3,paragraph,summarized,,/case/,not-required,not-applicable,safe,approved,"Table of contents and its per-section summary bullets. Regenerated from the section registry, so the contents listing and the summaries can no longer drift apart."
p68,4,paragraph,summarized,,/case/,not-required,not-applicable,safe,approved,"Table of contents and its per-section summary bullets. Regenerated from the section registry, so the contents listing and the summaries can no longer drift apart."
p69,4,paragraph,summarized,,/case/,not-required,not-applicable,safe,approved,"Table of contents and its per-section summary bullets. Regenerated from the section registry, so the contents listing and the summaries can no longer drift apart."
p70,4,paragraph,summarized,,/case/,not-required,not-applicable,safe,approved,"Table of contents and its per-section summary bullets. Regenerated from the section registry, so the contents listing and the summaries can no longer drift apart."
p71,4,paragraph,summarized,,/case/,not-required,not-applicable,safe,approved,"Table of contents and its per-section summary bullets. Regenerated from the section registry, so the contents listing and the summaries can no longer drift apart."
p72,4,paragraph,summarized,,/case/,not-required,not-applicable,safe,approved,"Table of contents and its per-section summary bullets. Regenerated from the section registry, so the contents listing and the summaries can no longer drift apart."
p73,4,paragraph,summarized,,/case/,not-required,not-applicable,safe,approved,"Table of contents and its per-section summary bullets. Regenerated from the section registry, so the contents listing and the summaries can no longer drift apart."
p74,4,paragraph,summarized,,/case/,not-required,not-applicable,safe,approved,"Table of contents and its per-section summary bullets. Regenerated from the section registry, so the contents listing and the summaries can no longer drift apart."
p75,4,paragraph,summarized,,/case/,not-required,not-applicable,safe,approved,"Table of contents and its per-section summary bullets. Regenerated from the section registry, so the contents listing and the summaries can no longer drift apart."
p76,4,paragraph,summarized,,/case/,not-required,not-applicable,safe,approved,"Table of contents and its per-section summary bullets. Regenerated from the section registry, so the contents listing and the summaries can no longer drift apart."
p77,4,paragraph,summarized,,/case/,not-required,not-applicable,safe,approved,"Table of contents and its per-section summary bullets. Regenerated from the section registry, so the contents listing and the summaries can no longer drift apart."
p78,4,paragraph,summarized,,/case/,not-required,not-applicable,safe,approved,"Table of contents and its per-section summary bullets. Regenerated from the section registry, so the contents listing and the summaries can no longer drift apart."
p79,4,paragraph,summarized,,/case/,not-required,not-applicable,safe,approved,"Table of contents and its per-section summary bullets. Regenerated from the section registry, so the contents listing and the summaries can no longer drift apart."
p80,4,paragraph,summarized,,/case/,not-required,not-applicable,safe,approved,"Table of contents and its per-section summary bullets. Regenerated from the section registry, so the contents listing and the summaries can no longer drift apart."
p81,4,paragraph,summarized,,/case/,not-required,not-applicable,safe,approved,"Table of contents and its per-section summary bullets. Regenerated from the section registry, so the contents listing and the summaries can no longer drift apart."
p82,4,paragraph,summarized,,/case/,not-required,not-applicable,safe,approved,"Table of contents and its per-section summary bullets. Regenerated from the section registry, so the contents listing and the summaries can no longer drift apart."
p83,4,paragraph,summarized,,/case/,not-required,not-applicable,safe,approved,"Table of contents and its per-section summary bullets. Regenerated from the section registry, so the contents listing and the summaries can no longer drift apart."
p84,4,paragraph,summarized,,/case/,not-required,not-applicable,safe,approved,"Table of contents and its per-section summary bullets. Regenerated from the section registry, so the contents listing and the summaries can no longer drift apart."
p85,4,paragraph,summarized,,/case/,not-required,not-applicable,safe,approved,"Table of contents and its per-section summary bullets. Regenerated from the section registry, so the contents listing and the summaries can no longer drift apart."
p86,4,paragraph,summarized,,/case/,not-required,not-applicable,safe,approved,"Table of contents and its per-section summary bullets. Regenerated from the section registry, so the contents listing and the summaries can no longer drift apart."
p87,5,paragraph,summarized,,/case/,not-required,not-applicable,safe,approved,"Table of contents and its per-section summary bullets. Regenerated from the section registry, so the contents listing and the summaries can no longer drift apart."
p88,5,paragraph,summarized,,/case/,not-required,not-applicable,safe,approved,"Table of contents and its per-section summary bullets. Regenerated from the section registry, so the contents listing and the summaries can no longer drift apart."
p89,5,paragraph,summarized,,/case/,not-required,not-applicable,safe,approved,"Table of contents and its per-section summary bullets. Regenerated from the section registry, so the contents listing and the summaries can no longer drift apart."
p90,5,paragraph,summarized,,/case/,not-required,not-applicable,safe,approved,"Table of contents and its per-section summary bullets. Regenerated from the section registry, so the contents listing and the summaries can no longer drift apart."
p91,5,paragraph,summarized,,/case/,not-required,not-applicable,safe,approved,"Table of contents and its per-section summary bullets. Regenerated from the section registry, so the contents listing and the summaries can no longer drift apart."
p92,5,paragraph,summarized,,/case/,not-required,not-applicable,safe,approved,"Table of contents and its per-section summary bullets. Regenerated from the section registry, so the contents listing and the summaries can no longer drift apart."
p93,5,paragraph,summarized,,/case/,not-required,not-applicable,safe,approved,"Table of contents and its per-section summary bullets. Regenerated from the section registry, so the contents listing and the summaries can no longer drift apart."
p94,5,paragraph,summarized,,/case/,not-required,not-applicable,safe,approved,"Table of contents and its per-section summary bullets. Regenerated from the section registry, so the contents listing and the summaries can no longer drift apart."
p95,5,paragraph,summarized,,/case/,not-required,not-applicable,safe,approved,"Table of contents and its per-section summary bullets. Regenerated from the section registry, so the contents listing and the summaries can no longer drift apart."
p96,5,paragraph,summarized,,/case/,not-required,not-applicable,safe,approved,"Table of contents and its per-section summary bullets. Regenerated from the section registry, so the contents listing and the summaries can no longer drift apart."
p97,5,paragraph,summarized,,/case/,not-required,not-applicable,safe,approved,"Table of contents and its per-section summary bullets. Regenerated from the section registry, so the contents listing and the summaries can no longer drift apart."
p98,5,paragraph,summarized,,/case/,not-required,not-applicable,safe,approved,"Table of contents and its per-section summary bullets. Regenerated from the section registry, so the contents listing and the summaries can no longer drift apart."
p99,5,paragraph,summarized,,/case/,not-required,not-applicable,safe,approved,"Table of contents and its per-section summary bullets. Regenerated from the section registry, so the contents listing and the summaries can no longer drift apart."
p100,5,paragraph,summarized,,/case/,not-required,not-applicable,safe,approved,"Table of contents and its per-section summary bullets. Regenerated from the section registry, so the contents listing and the summaries can no longer drift apart."
p101,5,paragraph,summarized,,/case/,not-required,not-applicable,safe,approved,"Table of contents and its per-section summary bullets. Regenerated from the section registry, so the contents listing and the summaries can no longer drift apart."
p102,5,paragraph,summarized,,/case/,not-required,not-applicable,safe,approved,"Table of contents and its per-section summary bullets. Regenerated from the section registry, so the contents listing and the summaries can no longer drift apart."
p103,5,paragraph,summarized,,/case/,not-required,not-applicable,safe,approved,"Table of contents and its per-section summary bullets. Regenerated from the section registry, so the contents listing and the summaries can no longer drift apart."
p104,5,paragraph,summarized,,/case/,not-required,not-applicable,safe,approved,"Table of contents and its per-section summary bullets. Regenerated from the section registry, so the contents listing and the summaries can no longer drift apart."
p105,5,paragraph,summarized,,/case/,not-required,not-applicable,safe,approved,"Table of contents and its per-section summary bullets. Regenerated from the section registry, so the contents listing and the summaries can no longer drift apart."
p106,6,paragraph,summarized,,/case/,not-required,not-applicable,safe,approved,"Table of contents and its per-section summary bullets. Regenerated from the section registry, so the contents listing and the summaries can no longer drift apart."
p107,6,paragraph,summarized,,/case/,not-required,not-applicable,safe,approved,"Table of contents and its per-section summary bullets. Regenerated from the section registry, so the contents listing and the summaries can no longer drift apart."
p108,6,paragraph,summarized,,/case/,not-required,not-applicable,safe,approved,"Table of contents and its per-section summary bullets. Regenerated from the section registry, so the contents listing and the summaries can no longer drift apart."
p109,6,paragraph,summarized,,/case/,not-required,not-applicable,safe,approved,"Table of contents and its per-section summary bullets. Regenerated from the section registry, so the contents listing and the summaries can no longer drift apart."
p110,6,paragraph,summarized,,/case/,not-required,not-applicable,safe,approved,"Table of contents and its per-section summary bullets. Regenerated from the section registry, so the contents listing and the summaries can no longer drift apart."
p111,6,paragraph,summarized,,/case/,not-required,not-applicable,safe,approved,"Table of contents and its per-section summary bullets. Regenerated from the section registry, so the contents listing and the summaries can no longer drift apart."
p112,6,paragraph,summarized,,/case/,not-required,not-applicable,safe,approved,"Table of contents and its per-section summary bullets. Regenerated from the section registry, so the contents listing and the summaries can no longer drift apart."
p113,6,paragraph,summarized,,/case/,not-required,not-applicable,safe,approved,"Table of contents and its per-section summary bullets. Regenerated from the section registry, so the contents listing and the summaries can no longer drift apart."
p114,6,paragraph,summarized,,/case/,not-required,not-applicable,safe,approved,"Table of contents and its per-section summary bullets. Regenerated from the section registry, so the contents listing and the summaries can no longer drift apart."
p115,6,paragraph,summarized,,/case/,not-required,not-applicable,safe,approved,"Table of contents and its per-section summary bullets. Regenerated from the section registry, so the contents listing and the summaries can no longer drift apart."
p116,6,paragraph,summarized,,/case/,not-required,not-applicable,safe,approved,"Table of contents and its per-section summary bullets. Regenerated from the section registry, so the contents listing and the summaries can no longer drift apart."
p117,6,paragraph,summarized,,/case/,not-required,not-applicable,safe,approved,"Table of contents and its per-section summary bullets. Regenerated from the section registry, so the contents listing and the summaries can no longer drift apart."
p118,6,paragraph,summarized,,/case/,not-required,not-applicable,safe,approved,"Table of contents and its per-section summary bullets. Regenerated from the section registry, so the contents listing and the summaries can no longer drift apart."
p119,6,paragraph,summarized,,/case/,not-required,not-applicable,safe,approved,"Table of contents and its per-section summary bullets. Regenerated from the section registry, so the contents listing and the summaries can no longer drift apart."
p120,6,paragraph,summarized,,/case/,not-required,not-applicable,safe,approved,"Table of contents and its per-section summary bullets. Regenerated from the section registry, so the contents listing and the summaries can no longer drift apart."
p121,6,paragraph,summarized,,/case/,not-required,not-applicable,safe,approved,"Table of contents and its per-section summary bullets. Regenerated from the section registry, so the contents listing and the summaries can no longer drift apart."
p122,6,paragraph,summarized,,/case/,not-required,not-applicable,safe,approved,"Table of contents and its per-section summary bullets. Regenerated from the section registry, so the contents listing and the summaries can no longer drift apart."
p123,6,paragraph,summarized,,/case/,not-required,not-applicable,safe,approved,"Table of contents and its per-section summary bullets. Regenerated from the section registry, so the contents listing and the summaries can no longer drift apart."
p124,6,paragraph,summarized,,/case/,not-required,not-applicable,safe,approved,"Table of contents and its per-section summary bullets. Regenerated from the section registry, so the contents listing and the summaries can no longer drift apart."
p125,7,paragraph,summarized,,/case/,not-required,not-applicable,safe,approved,"Table of contents and its per-section summary bullets. Regenerated from the section registry, so the contents listing and the summaries can no longer drift apart."
p126,7,paragraph,summarized,,/case/,not-required,not-applicable,safe,approved,"Table of contents and its per-section summary bullets. Regenerated from the section registry, so the contents listing and the summaries can no longer drift apart."
p127,7,paragraph,summarized,,/case/,not-required,not-applicable,safe,approved,"Table of contents and its per-section summary bullets. Regenerated from the section registry, so the contents listing and the summaries can no longer drift apart."
p128,7,paragraph,summarized,,/case/,not-required,not-applicable,safe,approved,"Table of contents and its per-section summary bullets. Regenerated from the section registry, so the contents listing and the summaries can no longer drift apart."
p129,7,paragraph,summarized,,/case/,not-required,not-applicable,safe,approved,"Table of contents and its per-section summary bullets. Regenerated from the section registry, so the contents listing and the summaries can no longer drift apart."
p130,7,paragraph,summarized,,/case/,not-required,not-applicable,safe,approved,"Table of contents and its per-section summary bullets. Regenerated from the section registry, so the contents listing and the summaries can no longer drift apart."
p131,7,paragraph,summarized,,/case/,not-required,not-applicable,safe,approved,"Table of contents and its per-section summary bullets. Regenerated from the section registry, so the contents listing and the summaries can no longer drift apart."
p132,7,paragraph,summarized,,/case/,not-required,not-applicable,safe,approved,"Table of contents and its per-section summary bullets. Regenerated from the section registry, so the contents listing and the summaries can no longer drift apart."
p133,7,paragraph,summarized,,/case/,not-required,not-applicable,safe,approved,"Table of contents and its per-section summary bullets. Regenerated from the section registry, so the contents listing and the summaries can no longer drift apart."
p134,7,paragraph,summarized,,/case/,not-required,not-applicable,safe,approved,"Table of contents and its per-section summary bullets. Regenerated from the section registry, so the contents listing and the summaries can no longer drift apart."
p135,7,paragraph,summarized,,/case/,not-required,not-applicable,safe,approved,"Table of contents and its per-section summary bullets. Regenerated from the section registry, so the contents listing and the summaries can no longer drift apart."
p136,7,paragraph,summarized,,/case/,not-required,not-applicable,safe,approved,"Table of contents and its per-section summary bullets. Regenerated from the section registry, so the contents listing and the summaries can no longer drift apart."
p137,7,paragraph,summarized,,/case/,not-required,not-applicable,safe,approved,"Table of contents and its per-section summary bullets. Regenerated from the section registry, so the contents listing and the summaries can no longer drift apart."
p138,7,paragraph,summarized,,/case/,not-required,not-applicable,safe,approved,"Table of contents and its per-section summary bullets. Regenerated from the section registry, so the contents listing and the summaries can no longer drift apart."
p139,7,paragraph,summarized,,/case/,not-required,not-applicable,safe,approved,"Table of contents and its per-section summary bullets. Regenerated from the section registry, so the contents listing and the summaries can no longer drift apart."
p140,7,image,summarized,,/case/,not-required,not-applicable,safe,approved,"Table of contents and its per-section summary bullets. Regenerated from the section registry, so the contents listing and the summaries can no longer drift apart."
p141,7,other,omitted-as-formatting-only,,,not-required,not-applicable,safe,approved,Empty paragraph used for spacing in the source document.
p142,7,paragraph,summarized,,/case/,not-required,not-applicable,safe,approved,"Table of contents and its per-section summary bullets. Regenerated from the section registry, so the contents listing and the summaries can no longer drift apart."
p143,7,paragraph,summarized,,/case/,verified,not-applicable,safe,approved,"Table of contents and its per-section summary bullets. Regenerated from the section registry, so the contents listing and the summaries can no longer drift apart."
p144,8,other,omitted-as-formatting-only,,,not-required,not-applicable,safe,approved,Empty paragraph used for spacing in the source document.
p145,8,other,omitted-as-formatting-only,,,not-required,not-applicable,safe,approved,Empty paragraph used for spacing in the source document.
p146,8,heading,rewritten-for-clarity,P00,/case/why-this-matters/,not-required,not-applicable,safe,approved,"Section heading, restated as the page title in the registry."
p147,8,paragraph,preserved,P00,/case/why-this-matters/,not-required,not-applicable,safe,approved,Substantive content carried into the destination page.
p148,8,list-item,preserved,P00,/case/why-this-matters/,not-required,not-applicable,safe,approved,Substantive content carried into the destination page.
p149,8,list-item,preserved,P00,/case/why-this-matters/,not-required,not-applicable,safe,approved,Substantive content carried into the destination page.
p150,8,list-item,preserved,P00,/case/why-this-matters/,not-required,not-applicable,safe,approved,Substantive content carried into the destination page.
p151,8,list-item,preserved,P00,/case/why-this-matters/,not-required,not-applicable,safe,approved,Substantive content carried into the destination page.
p152,8,scripture,preserved,P00,/case/why-this-matters/,not-required,public-domain,safe,approved,Scripture reference or quotation. Full displays render the public-domain World English Bible from the verified corpus rather than the copyrighted translation used in the source document.
p153,8,list-item,preserved,P00,/case/why-this-matters/,not-required,not-applicable,safe,approved,Substantive content carried into the destination page.
p154,8,list-item,preserved,P00,/case/why-this-matters/,not-required,not-applicable,safe,approved,Substantive content carried into the destination page.
p155,8,list-item,preserved,P00,/case/why-this-matters/,not-required,not-applicable,safe,approved,Substantive content carried into the destination page.
p156,8,list-item,preserved,P00,/case/why-this-matters/,not-required,not-applicable,safe,approved,Substantive content carried into the destination page.
p157,8,list-item,preserved,P00,/case/why-this-matters/,not-required,not-applicable,safe,approved,Substantive content carried into the destination page.
p158,8,paragraph,preserved,P00,/case/why-this-matters/,not-required,not-applicable,safe,approved,Substantive content carried into the destination page.
p159,8,list-item,preserved,P00,/case/why-this-matters/,not-required,not-applicable,safe,approved,Substantive content carried into the destination page.
p160,8,list-item,preserved,P00,/case/why-this-matters/,not-required,not-applicable,safe,approved,Substantive content carried into the destination page.
p161,8,list-item,preserved,P00,/case/why-this-matters/,not-required,not-applicable,safe,approved,Substantive content carried into the destination page.
p162,8,list-item,preserved,P00,/case/why-this-matters/,not-required,not-applicable,safe,approved,Substantive content carried into the destination page.
p163,9,list-item,preserved,P00,/case/why-this-matters/,not-required,not-applicable,safe,approved,Substantive content carried into the destination page.
p164,9,list-item,preserved,P00,/case/why-this-matters/,not-required,not-applicable,safe,approved,Substantive content carried into the destination page.
p165,9,list-item,preserved,P00,/case/why-this-matters/,not-required,not-applicable,safe,approved,Substantive content carried into the destination page.
p166,9,list-item,preserved,P00,/case/why-this-matters/,not-required,not-applicable,safe,approved,Substantive content carried into the destination page.
p167,9,list-item,preserved,P00,/case/why-this-matters/,not-required,not-applicable,safe,approved,Substantive content carried into the destination page.
p168,9,list-item,preserved,P00,/case/why-this-matters/,not-required,not-applicable,safe,approved,Substantive content carried into the destination page.
p169,9,list-item,preserved,P00,/case/why-this-matters/,not-required,not-applicable,safe,approved,Substantive content carried into the destination page.
p170,9,list-item,preserved,P00,/case/why-this-matters/,not-required,not-applicable,safe,approved,Substantive content carried into the destination page.
p171,9,paragraph,preserved,P00,/case/why-this-matters/,not-required,not-applicable,safe,approved,Substantive content carried into the destination page.
p172,9,paragraph,preserved,P00,/case/why-this-matters/,not-required,not-applicable,safe,approved,Substantive content carried into the destination page.
p173,9,paragraph,preserved,P00,/case/why-this-matters/,not-required,not-applicable,safe,approved,Substantive content carried into the destination page.
p174,9,paragraph,preserved,P00,/case/why-this-matters/,not-required,not-applicable,safe,approved,Substantive content carried into the destination page.
p175,9,paragraph,preserved,P00,/case/why-this-matters/,not-required,not-applicable,safe,approved,Substantive content carried into the destination page.
p176,9,list-item,preserved,P00,/case/why-this-matters/,not-required,not-applicable,safe,approved,Substantive content carried into the destination page.
p177,9,list-item,preserved,P00,/case/why-this-matters/,not-required,not-applicable,safe,approved,Substantive content carried into the destination page.
p178,9,list-item,preserved,P00,/case/why-this-matters/,not-required,not-applicable,safe,approved,Substantive content carried into the destination page.
p179,9,paragraph,preserved,P00,/case/why-this-matters/,not-required,not-applicable,safe,approved,Substantive content carried into the destination page.
p180,9,paragraph,preserved,P00,/case/why-this-matters/,not-required,not-applicable,safe,approved,Substantive content carried into the destination page.
p181,9,paragraph,preserved,P00,/case/why-this-matters/,not-required,not-applicable,safe,approved,Substantive content carried into the destination page.
p182,9,paragraph,preserved,P00,/case/why-this-matters/,not-required,not-applicable,safe,approved,Substantive content carried into the destination page.
p183,10,other,omitted-as-formatting-only,,,not-required,not-applicable,safe,approved,Empty paragraph used for spacing in the source document.
p184,10,paragraph,preserved,P00,/case/why-this-matters/,not-required,not-applicable,safe,approved,Substantive content carried into the destination page.
p185,10,other,omitted-as-formatting-only,,,not-required,not-applicable,safe,approved,Empty paragraph used for spacing in the source document.
p186,10,paragraph,preserved,P00,/case/why-this-matters/,not-required,not-applicable,safe,approved,Substantive content carried into the destination page.
p187,10,other,omitted-as-formatting-only,,,not-required,not-applicable,safe,approved,Empty paragraph used for spacing in the source document.
p188,10,paragraph,preserved,P00,/case/why-this-matters/,not-required,not-applicable,safe,approved,Substantive content carried into the destination page.
p189,10,other,omitted-as-formatting-only,,,not-required,not-applicable,safe,approved,Empty paragraph used for spacing in the source document.
p190,10,heading,rewritten-for-clarity,RB1,/case/roadblocks/tradition/,not-required,not-applicable,safe,approved,"Section heading, restated as the page title in the registry."
p191,10,heading,rewritten-for-clarity,RB1,/case/roadblocks/tradition/,not-required,not-applicable,safe,approved,"Section heading, restated as the page title in the registry."
p192,10,list-item,preserved,RB1,/case/roadblocks/tradition/,not-required,not-applicable,safe,approved,Substantive content carried into the destination page.
p193,10,list-item,preserved,RB1,/case/roadblocks/tradition/,verified,not-applicable,safe,approved,Substantive content carried into the destination page.
p194,10,list-item,preserved,RB1,/case/roadblocks/tradition/,verified,not-applicable,safe,approved,Substantive content carried into the destination page.
p195,10,list-item,preserved,RB1,/case/roadblocks/tradition/,verified,not-applicable,safe,approved,Substantive content carried into the destination page.
p196,10,list-item,preserved,RB1,/case/roadblocks/tradition/,verified,not-applicable,safe,approved,Substantive content carried into the destination page.
p197,10,list-item,preserved,RB1,/case/roadblocks/tradition/,not-required,not-applicable,safe,approved,Substantive content carried into the destination page.
p198,10,list-item,preserved,RB1,/case/roadblocks/tradition/,not-required,not-applicable,safe,approved,Substantive content carried into the destination page.
p199,10,list-item,preserved,RB1,/case/roadblocks/tradition/,not-required,not-applicable,safe,approved,Substantive content carried into the destination page.
p200,10,list-item,preserved,RB1,/case/roadblocks/tradition/,not-required,not-applicable,safe,approved,Substantive content carried into the destination page.
p201,10,list-item,preserved,RB1,/case/roadblocks/tradition/,verified,not-applicable,safe,approved,Substantive content carried into the destination page.
p202,11,other,omitted-as-formatting-only,,,not-required,not-applicable,safe,approved,Empty paragraph used for spacing in the source document.
p203,11,other,omitted-as-formatting-only,,,not-required,not-applicable,safe,approved,Empty paragraph used for spacing in the source document.
p204,11,other,omitted-as-formatting-only,,,not-required,not-applicable,safe,approved,Empty paragraph used for spacing in the source document.
p205,11,other,omitted-as-formatting-only,,,not-required,not-applicable,safe,approved,Empty paragraph used for spacing in the source document.
p206,11,other,omitted-as-formatting-only,,,not-required,not-applicable,safe,approved,Empty paragraph used for spacing in the source document.
p207,11,paragraph,preserved,RB1,/case/roadblocks/tradition/,verified,not-applicable,safe,approved,Substantive content carried into the destination page.
p208,11,other,omitted-as-formatting-only,,,not-required,not-applicable,safe,approved,Empty paragraph used for spacing in the source document.
p210,11,table,preserved,RB1,/case/roadblocks/tradition/,not-required,not-applicable,safe,approved,Substantive content carried into the destination page.
p211,11,table,preserved,RB1,/case/roadblocks/tradition/,not-required,not-applicable,safe,approved,Substantive content carried into the destination page.
p212,11,table,preserved,RB1,/case/roadblocks/tradition/,not-required,not-applicable,safe,approved,Substantive content carried into the destination page.
p213,11,table,preserved,RB1,/case/roadblocks/tradition/,not-required,not-applicable,safe,approved,Substantive content carried into the destination page.
p214,11,table,preserved,RB1,/case/roadblocks/tradition/,not-required,not-applicable,safe,approved,Substantive content carried into the destination page.
p215,11,table,preserved,RB1,/case/roadblocks/tradition/,not-required,not-applicable,safe,approved,Substantive content carried into the destination page.
p216,11,table,preserved,RB1,/case/roadblocks/tradition/,verified,not-applicable,safe,approved,Substantive content carried into the destination page.
p217,11,table,preserved,RB1,/case/roadblocks/tradition/,verified,not-applicable,safe,approved,Substantive content carried into the destination page.
p218,11,table,preserved,RB1,/case/roadblocks/tradition/,not-required,not-applicable,safe,approved,Substantive content carried into the destination page.
p219,11,table,preserved,RB1,/case/roadblocks/tradition/,not-required,not-applicable,safe,approved,Substantive content carried into the destination page.
p220,11,table,preserved,RB1,/case/roadblocks/tradition/,not-required,not-applicable,safe,approved,Substantive content carried into the destination page.
p221,12,other,omitted-as-formatting-only,,,not-required,not-applicable,safe,approved,Empty paragraph used for spacing in the source document.
p222,12,table,preserved,RB1,/case/roadblocks/tradition/,verified,not-applicable,safe,approved,Substantive content carried into the destination page.
p223,12,table,preserved,RB1,/case/roadblocks/tradition/,not-required,not-applicable,safe,approved,Substantive content carried into the destination page.
p224,12,table,preserved,RB1,/case/roadblocks/tradition/,not-required,not-applicable,safe,approved,Substantive content carried into the destination page.
p225,12,table,preserved,RB1,/case/roadblocks/tradition/,not-required,not-applicable,safe,approved,Substantive content carried into the destination page.
p226,12,table,preserved,RB1,/case/roadblocks/tradition/,verified,not-applicable,safe,approved,Substantive content carried into the destination page.
p227,12,table,preserved,RB1,/case/roadblocks/tradition/,not-required,not-applicable,safe,approved,Substantive content carried into the destination page.
p228,12,table,preserved,RB1,/case/roadblocks/tradition/,not-required,not-applicable,safe,approved,Substantive content carried into the destination page.
p229,12,table,preserved,RB1,/case/roadblocks/tradition/,not-required,not-applicable,safe,approved,Substantive content carried into the destination page.
p230,12,other,omitted-as-formatting-only,,,not-required,not-applicable,safe,approved,Empty paragraph used for spacing in the source document.
p231,12,table,preserved,RB1,/case/roadblocks/tradition/,not-required,not-applicable,safe,approved,Substantive content carried into the destination page.
p232,12,table,preserved,RB1,/case/roadblocks/tradition/,not-required,not-applicable,safe,approved,Substantive content carried into the destination page.
p233,12,other,omitted-as-formatting-only,,,not-required,not-applicable,safe,approved,Empty paragraph used for spacing in the source document.
p234,12,table,preserved,RB1,/case/roadblocks/tradition/,not-required,not-applicable,safe,approved,Substantive content carried into the destination page.
p235,12,table,preserved,RB1,/case/roadblocks/tradition/,not-required,not-applicable,safe,approved,Substantive content carried into the destination page.
p236,12,table,preserved,RB1,/case/roadblocks/tradition/,not-required,not-applicable,safe,approved,Substantive content carried into the destination page.
p237,12,other,omitted-as-formatting-only,,,not-required,not-applicable,safe,approved,Empty paragraph used for spacing in the source document.
p238,12,table,preserved,RB1,/case/roadblocks/tradition/,not-required,not-applicable,safe,approved,Substantive content carried into the destination page.
p239,12,table,preserved,RB1,/case/roadblocks/tradition/,verified,not-applicable,safe,approved,Substantive content carried into the destination page.
p240,13,other,omitted-as-formatting-only,,,not-required,not-applicable,safe,approved,Empty paragraph used for spacing in the source document.
p241,13,table,preserved,RB1,/case/roadblocks/tradition/,not-required,not-applicable,safe,approved,Substantive content carried into the destination page.
p242,13,table,preserved,RB1,/case/roadblocks/tradition/,not-required,not-applicable,safe,approved,Substantive content carried into the destination page.
p243,13,other,omitted-as-formatting-only,,,not-required,not-applicable,safe,approved,Empty paragraph used for spacing in the source document.
p244,13,table,preserved,RB1,/case/roadblocks/tradition/,not-required,not-applicable,safe,approved,Substantive content carried into the destination page.
p245,13,table,preserved,RB1,/case/roadblocks/tradition/,not-required,not-applicable,safe,approved,Substantive content carried into the destination page.
p246,13,other,omitted-as-formatting-only,,,not-required,not-applicable,safe,approved,Empty paragraph used for spacing in the source document.
p247,13,table,preserved,RB1,/case/roadblocks/tradition/,not-required,not-applicable,safe,approved,Substantive content carried into the destination page.
p248,13,table,preserved,RB1,/case/roadblocks/tradition/,not-required,not-applicable,safe,approved,Substantive content carried into the destination page.
p249,13,other,omitted-as-formatting-only,,,not-required,not-applicable,safe,approved,Empty paragraph used for spacing in the source document.
p250,13,table,preserved,RB1,/case/roadblocks/tradition/,not-required,not-applicable,safe,approved,Substantive content carried into the destination page.
p251,13,table,preserved,RB1,/case/roadblocks/tradition/,not-required,not-applicable,safe,approved,Substantive content carried into the destination page.
p252,13,other,omitted-as-formatting-only,,,not-required,not-applicable,safe,approved,Empty paragraph used for spacing in the source document.
p253,13,table,preserved,RB1,/case/roadblocks/tradition/,not-required,not-applicable,safe,approved,Substantive content carried into the destination page.
p254,13,table,preserved,RB1,/case/roadblocks/tradition/,not-required,not-applicable,safe,approved,Substantive content carried into the destination page.
p255,13,other,omitted-as-formatting-only,,,not-required,not-applicable,safe,approved,Empty paragraph used for spacing in the source document.
p256,13,table,preserved,RB1,/case/roadblocks/tradition/,not-required,not-applicable,safe,approved,Substantive content carried into the destination page.
p257,13,table,preserved,RB1,/case/roadblocks/tradition/,not-required,not-applicable,safe,approved,Substantive content carried into the destination page.
p258,13,other,omitted-as-formatting-only,,,not-required,not-applicable,safe,approved,Empty paragraph used for spacing in the source document.
p259,14,table,preserved,RB1,/case/roadblocks/tradition/,not-required,not-applicable,safe,approved,Substantive content carried into the destination page.
p260,14,table,preserved,RB1,/case/roadblocks/tradition/,not-required,not-applicable,safe,approved,Substantive content carried into the destination page.
p261,14,other,omitted-as-formatting-only,,,not-required,not-applicable,safe,approved,Empty paragraph used for spacing in the source document.
p262,14,table,preserved,RB1,/case/roadblocks/tradition/,not-required,not-applicable,safe,approved,Substantive content carried into the destination page.
p263,14,table,preserved,RB1,/case/roadblocks/tradition/,not-required,not-applicable,safe,approved,Substantive content carried into the destination page.
p264,14,other,omitted-as-formatting-only,,,not-required,not-applicable,safe,approved,Empty paragraph used for spacing in the source document.
p265,14,table,preserved,RB1,/case/roadblocks/tradition/,not-required,not-applicable,safe,approved,Substantive content carried into the destination page.
p267,14,other,omitted-as-formatting-only,,,not-required,not-applicable,safe,approved,Empty paragraph used for spacing in the source document.
p268,14,other,omitted-as-formatting-only,,,not-required,not-applicable,safe,approved,Empty paragraph used for spacing in the source document.
p269,14,other,omitted-as-formatting-only,,,not-required,not-applicable,safe,approved,Empty paragraph used for spacing in the source document.
p270,14,other,omitted-as-formatting-only,,,not-required,not-applicable,safe,approved,Empty paragraph used for spacing in the source document.
p271,14,other,omitted-as-formatting-only,,,not-required,not-applicable,safe,approved,Empty paragraph used for spacing in the source document.
p272,14,other,omitted-as-formatting-only,,,not-required,not-applicable,safe,approved,Empty paragraph used for spacing in the source document.
p273,14,other,omitted-as-formatting-only,,,not-required,not-applicable,safe,approved,Empty paragraph used for spacing in the source document.
p274,14,other,omitted-as-formatting-only,,,not-required,not-applicable,safe,approved,Empty paragraph used for spacing in the source document.
p275,14,other,omitted-as-formatting-only,,,not-required,not-applicable,safe,approved,Empty paragraph used for spacing in the source document.
p276,14,other,omitted-as-formatting-only,,,not-required,not-applicable,safe,approved,Empty paragraph used for spacing in the source document.
p277,14,other,omitted-as-formatting-only,,,not-required,not-applicable,safe,approved,Empty paragraph used for spacing in the source document.
p278,14,other,omitted-as-formatting-only,,,not-required,not-applicable,safe,approved,Empty paragraph used for spacing in the source document.
p279,15,heading,rewritten-for-clarity,RB2,/case/roadblocks/image-of-god/,not-required,not-applicable,safe,approved,"Section heading, restated as the page title in the registry."
p280,15,list-item,preserved,RB2,/case/roadblocks/image-of-god/,not-required,not-applicable,safe,approved,Substantive content carried into the destination page.
p281,15,list-item,preserved,RB2,/case/roadblocks/image-of-god/,not-required,not-applicable,safe,approved,Substantive content carried into the destination page.
p282,15,list-item,preserved,RB2,/case/roadblocks/image-of-god/,not-required,not-applicable,safe,approved,Substantive content carried into the destination page.
p283,15,scripture,preserved,RB2,/case/roadblocks/image-of-god/,not-required,public-domain,safe,approved,Scripture reference or quotation. Full displays render the public-domain World English Bible from the verified corpus rather than the copyrighted translation used in the source document.
p284,15,list-item,preserved,RB2,/case/roadblocks/image-of-god/,not-required,not-applicable,safe,approved,Substantive content carried into the destination page.
p285,15,scripture,preserved,RB2,/case/roadblocks/image-of-god/,not-required,public-domain,safe,approved,Scripture reference or quotation. Full displays render the public-domain World English Bible from the verified corpus rather than the copyrighted translation used in the source document.
p286,15,list-item,preserved,RB2,/case/roadblocks/image-of-god/,not-required,not-applicable,safe,approved,Substantive content carried into the destination page.
p287,15,scripture,preserved,RB2,/case/roadblocks/image-of-god/,not-required,public-domain,safe,approved,Scripture reference or quotation. Full displays render the public-domain World English Bible from the verified corpus rather than the copyrighted translation used in the source document.
p288,15,scripture,preserved,RB2,/case/roadblocks/image-of-god/,not-required,public-domain,safe,approved,Scripture reference or quotation. Full displays render the public-domain World English Bible from the verified corpus rather than the copyrighted translation used in the source document.
p289,15,scripture,preserved,RB2,/case/roadblocks/image-of-god/,not-required,public-domain,safe,approved,Scripture reference or quotation. Full displays render the public-domain World English Bible from the verified corpus rather than the copyrighted translation used in the source document.
p290,15,list-item,preserved,RB2,/case/roadblocks/image-of-god/,not-required,not-applicable,safe,approved,Substantive content carried into the destination page.
p291,15,scripture,preserved,RB2,/case/roadblocks/image-of-god/,not-required,public-domain,safe,approved,Scripture reference or quotation. Full displays render the public-domain World English Bible from the verified corpus rather than the copyrighted translation used in the source document.
p292,15,scripture,preserved,RB2,/case/roadblocks/image-of-god/,not-required,public-domain,safe,approved,Scripture reference or quotation. Full displays render the public-domain World English Bible from the verified corpus rather than the copyrighted translation used in the source document.
p293,15,scripture,preserved,RB2,/case/roadblocks/image-of-god/,not-required,public-domain,safe,approved,Scripture reference or quotation. Full displays render the public-domain World English Bible from the verified corpus rather than the copyrighted translation used in the source document.
p294,15,scripture,preserved,RB2,/case/roadblocks/image-of-god/,not-required,public-domain,safe,approved,Scripture reference or quotation. Full displays render the public-domain World English Bible from the verified corpus rather than the copyrighted translation used in the source document.
p295,15,scripture,preserved,RB2,/case/roadblocks/image-of-god/,not-required,public-domain,safe,approved,Scripture reference or quotation. Full displays render the public-domain World English Bible from the verified corpus rather than the copyrighted translation used in the source document.
p296,15,scripture,preserved,RB2,/case/roadblocks/image-of-god/,not-required,public-domain,safe,approved,Scripture reference or quotation. Full displays render the public-domain World English Bible from the verified corpus rather than the copyrighted translation used in the source document.
p297,15,paragraph,preserved,RB2,/case/roadblocks/image-of-god/,verified,not-applicable,safe,approved,Substantive content carried into the destination page.
p298,16,list-item,preserved,RB2,/case/roadblocks/image-of-god/,not-required,not-applicable,safe,approved,Substantive content carried into the destination page.
p299,16,paragraph,preserved,RB2,/case/roadblocks/image-of-god/,not-required,not-applicable,safe,approved,Substantive content carried into the destination page.
p300,16,paragraph,preserved,RB2,/case/roadblocks/image-of-god/,not-required,not-applicable,safe,approved,Substantive content carried into the destination page.
p301,16,paragraph,preserved,RB2,/case/roadblocks/image-of-god/,not-required,not-applicable,safe,approved,Substantive content carried into the destination page.
p302,16,scripture,preserved,RB2,/case/roadblocks/image-of-god/,not-required,public-domain,safe,approved,Scripture reference or quotation. Full displays render the public-domain World English Bible from the verified corpus rather than the copyrighted translation used in the source document.
p303,16,other,omitted-as-formatting-only,,,not-required,not-applicable,safe,approved,Empty paragraph used for spacing in the source document.
p304,16,heading,rewritten-for-clarity,RB3,/case/roadblocks/infinite-punishment/,not-required,not-applicable,safe,approved,"Section heading, restated as the page title in the registry."
p305,16,paragraph,preserved,RB3,/case/roadblocks/infinite-punishment/,verified,not-applicable,safe,approved,Substantive content carried into the destination page.
p306,16,paragraph,preserved,RB3,/case/roadblocks/infinite-punishment/,not-required,not-applicable,safe,approved,Substantive content carried into the destination page.
p307,16,paragraph,preserved,RB3,/case/roadblocks/infinite-punishment/,not-required,not-applicable,safe,approved,Substantive content carried into the destination page.
p308,16,paragraph,preserved,RB3,/case/roadblocks/infinite-punishment/,not-required,not-applicable,safe,approved,Substantive content carried into the destination page.
p309,16,paragraph,preserved,RB3,/case/roadblocks/infinite-punishment/,verified,not-applicable,safe,approved,Substantive content carried into the destination page.
p310,16,paragraph,preserved,RB3,/case/roadblocks/infinite-punishment/,not-required,not-applicable,safe,approved,Substantive content carried into the destination page.
p311,16,paragraph,preserved,RB3,/case/roadblocks/infinite-punishment/,not-required,not-applicable,safe,approved,Substantive content carried into the destination page.
p312,16,list-item,preserved,RB3,/case/roadblocks/infinite-punishment/,not-required,not-applicable,safe,approved,Substantive content carried into the destination page.
p313,16,scripture,preserved,RB3,/case/roadblocks/infinite-punishment/,not-required,public-domain,safe,approved,Scripture reference or quotation. Full displays render the public-domain World English Bible from the verified corpus rather than the copyrighted translation used in the source document.
p314,16,list-item,preserved,RB3,/case/roadblocks/infinite-punishment/,not-required,not-applicable,safe,approved,Substantive content carried into the destination page.
p315,16,list-item,preserved,RB3,/case/roadblocks/infinite-punishment/,not-required,not-applicable,safe,approved,Substantive content carried into the destination page.
p316,16,scripture,preserved,RB3,/case/roadblocks/infinite-punishment/,not-required,public-domain,safe,approved,Scripture reference or quotation. Full displays render the public-domain World English Bible from the verified corpus rather than the copyrighted translation used in the source document.
p317,17,list-item,preserved,RB3,/case/roadblocks/infinite-punishment/,not-required,not-applicable,safe,approved,Substantive content carried into the destination page.
p318,17,scripture,preserved,RB3,/case/roadblocks/infinite-punishment/,not-required,public-domain,safe,approved,Scripture reference or quotation. Full displays render the public-domain World English Bible from the verified corpus rather than the copyrighted translation used in the source document.
p319,17,scripture,preserved,RB3,/case/roadblocks/infinite-punishment/,not-required,public-domain,safe,approved,Scripture reference or quotation. Full displays render the public-domain World English Bible from the verified corpus rather than the copyrighted translation used in the source document.
p320,17,list-item,preserved,RB3,/case/roadblocks/infinite-punishment/,not-required,not-applicable,safe,approved,Substantive content carried into the destination page.
p321,17,scripture,preserved,RB3,/case/roadblocks/infinite-punishment/,not-required,public-domain,safe,approved,Scripture reference or quotation. Full displays render the public-domain World English Bible from the verified corpus rather than the copyrighted translation used in the source document.
p322,17,list-item,preserved,RB3,/case/roadblocks/infinite-punishment/,not-required,not-applicable,safe,approved,Substantive content carried into the destination page.
p323,17,scripture,preserved,RB3,/case/roadblocks/infinite-punishment/,not-required,public-domain,safe,approved,Scripture reference or quotation. Full displays render the public-domain World English Bible from the verified corpus rather than the copyrighted translation used in the source document.
p324,17,list-item,preserved,RB3,/case/roadblocks/infinite-punishment/,not-required,not-applicable,safe,approved,Substantive content carried into the destination page.
p325,17,scripture,preserved,RB3,/case/roadblocks/infinite-punishment/,not-required,public-domain,safe,approved,Scripture reference or quotation. Full displays render the public-domain World English Bible from the verified corpus rather than the copyrighted translation used in the source document.
p326,17,list-item,preserved,RB3,/case/roadblocks/infinite-punishment/,not-required,not-applicable,safe,approved,Substantive content carried into the destination page.
p327,17,scripture,preserved,RB3,/case/roadblocks/infinite-punishment/,not-required,public-domain,safe,approved,Scripture reference or quotation. Full displays render the public-domain World English Bible from the verified corpus rather than the copyrighted translation used in the source document.
p328,17,list-item,preserved,RB3,/case/roadblocks/infinite-punishment/,not-required,not-applicable,safe,approved,Substantive content carried into the destination page.
p329,17,list-item,preserved,RB3,/case/roadblocks/infinite-punishment/,not-required,not-applicable,safe,approved,Substantive content carried into the destination page.
p330,17,scripture,preserved,RB3,/case/roadblocks/infinite-punishment/,not-required,public-domain,safe,approved,Scripture reference or quotation. Full displays render the public-domain World English Bible from the verified corpus rather than the copyrighted translation used in the source document.
p331,17,list-item,preserved,RB3,/case/roadblocks/infinite-punishment/,not-required,not-applicable,safe,approved,Substantive content carried into the destination page.
p332,17,list-item,preserved,RB3,/case/roadblocks/infinite-punishment/,not-required,not-applicable,safe,approved,Substantive content carried into the destination page.
p333,17,scripture,preserved,RB3,/case/roadblocks/infinite-punishment/,not-required,public-domain,safe,approved,Scripture reference or quotation. Full displays render the public-domain World English Bible from the verified corpus rather than the copyrighted translation used in the source document.
p334,17,list-item,preserved,RB3,/case/roadblocks/infinite-punishment/,not-required,not-applicable,safe,approved,Substantive content carried into the destination page.
p335,17,list-item,preserved,RB3,/case/roadblocks/infinite-punishment/,not-required,not-applicable,safe,approved,Substantive content carried into the destination page.
p336,18,list-item,preserved,RB3,/case/roadblocks/infinite-punishment/,not-required,not-applicable,safe,approved,Substantive content carried into the destination page.
p337,18,list-item,preserved,RB3,/case/roadblocks/infinite-punishment/,not-required,not-applicable,safe,approved,Substantive content carried into the destination page.
p338,18,list-item,preserved,RB3,/case/roadblocks/infinite-punishment/,not-required,not-applicable,safe,approved,Substantive content carried into the destination page.
p339,18,scripture,preserved,RB3,/case/roadblocks/infinite-punishment/,not-required,public-domain,safe,approved,Scripture reference or quotation. Full displays render the public-domain World English Bible from the verified corpus rather than the copyrighted translation used in the source document.
p340,18,scripture,preserved,RB3,/case/roadblocks/infinite-punishment/,not-required,public-domain,safe,approved,Scripture reference or quotation. Full displays render the public-domain World English Bible from the verified corpus rather than the copyrighted translation used in the source document.
p341,18,list-item,preserved,RB3,/case/roadblocks/infinite-punishment/,not-required,not-applicable,safe,approved,Substantive content carried into the destination page.
p342,18,scripture,preserved,RB3,/case/roadblocks/infinite-punishment/,not-required,public-domain,safe,approved,Scripture reference or quotation. Full displays render the public-domain World English Bible from the verified corpus rather than the copyrighted translation used in the source document.
p343,18,list-item,preserved,RB3,/case/roadblocks/infinite-punishment/,not-required,not-applicable,safe,approved,Substantive content carried into the destination page.
p344,18,list-item,preserved,RB3,/case/roadblocks/infinite-punishment/,verified,not-applicable,safe,approved,Substantive content carried into the destination page.
p345,18,list-item,preserved,RB3,/case/roadblocks/infinite-punishment/,not-required,not-applicable,safe,approved,Substantive content carried into the destination page.
p346,18,list-item,preserved,RB3,/case/roadblocks/infinite-punishment/,not-required,not-applicable,safe,approved,Substantive content carried into the destination page.
p347,18,list-item,preserved,RB3,/case/roadblocks/infinite-punishment/,not-required,not-applicable,safe,approved,Substantive content carried into the destination page.
p348,18,list-item,preserved,RB3,/case/roadblocks/infinite-punishment/,not-required,not-applicable,safe,approved,Substantive content carried into the destination page.
p349,18,list-item,preserved,RB3,/case/roadblocks/infinite-punishment/,not-required,not-applicable,safe,approved,Substantive content carried into the destination page.
p350,18,list-item,preserved,RB3,/case/roadblocks/infinite-punishment/,not-required,not-applicable,safe,approved,Substantive content carried into the destination page.
p351,18,list-item,preserved,RB3,/case/roadblocks/infinite-punishment/,not-required,not-applicable,safe,approved,Substantive content carried into the destination page.
p352,18,list-item,preserved,RB3,/case/roadblocks/infinite-punishment/,not-required,not-applicable,safe,approved,Substantive content carried into the destination page.
p353,18,list-item,preserved,RB3,/case/roadblocks/infinite-punishment/,not-required,not-applicable,safe,approved,Substantive content carried into the destination page.
p354,18,list-item,preserved,RB3,/case/roadblocks/infinite-punishment/,not-required,not-applicable,safe,approved,Substantive content carried into the destination page.
p355,19,scripture,preserved,RB3,/case/roadblocks/infinite-punishment/,not-required,public-domain,safe,approved,Scripture reference or quotation. Full displays render the public-domain World English Bible from the verified corpus rather than the copyrighted translation used in the source document.
p356,19,list-item,preserved,RB3,/case/roadblocks/infinite-punishment/,not-required,not-applicable,safe,approved,Substantive content carried into the destination page.
p357,19,list-item,preserved,RB3,/case/roadblocks/infinite-punishment/,not-required,not-applicable,safe,approved,Substantive content carried into the destination page.
p358,19,list-item,preserved,RB3,/case/roadblocks/infinite-punishment/,not-required,not-applicable,safe,approved,Substantive content carried into the destination page.
p359,19,list-item,preserved,RB3,/case/roadblocks/infinite-punishment/,not-required,not-applicable,safe,approved,Substantive content carried into the destination page.
p360,19,list-item,preserved,RB3,/case/roadblocks/infinite-punishment/,not-required,not-applicable,safe,approved,Substantive content carried into the destination page.
p361,19,paragraph,preserved,RB3,/case/roadblocks/infinite-punishment/,not-required,not-applicable,safe,approved,Substantive content carried into the destination page.
p362,19,list-item,preserved,RB3,/case/roadblocks/infinite-punishment/,not-required,not-applicable,safe,approved,Substantive content carried into the destination page.
p363,19,list-item,preserved,RB3,/case/roadblocks/infinite-punishment/,not-required,not-applicable,safe,approved,Substantive content carried into the destination page.
p364,19,list-item,preserved,RB3,/case/roadblocks/infinite-punishment/,not-required,not-applicable,safe,approved,Substantive content carried into the destination page.
p365,19,list-item,preserved,RB3,/case/roadblocks/infinite-punishment/,not-required,not-applicable,safe,approved,Substantive content carried into the destination page.
p366,19,scripture,preserved,RB3,/case/roadblocks/infinite-punishment/,not-required,public-domain,safe,approved,Scripture reference or quotation. Full displays render the public-domain World English Bible from the verified corpus rather than the copyrighted translation used in the source document.
p367,19,scripture,preserved,RB3,/case/roadblocks/infinite-punishment/,not-required,public-domain,safe,approved,Scripture reference or quotation. Full displays render the public-domain World English Bible from the verified corpus rather than the copyrighted translation used in the source document.
p368,19,list-item,preserved,RB3,/case/roadblocks/infinite-punishment/,not-required,not-applicable,safe,approved,Substantive content carried into the destination page.
p369,19,list-item,preserved,RB3,/case/roadblocks/infinite-punishment/,not-required,not-applicable,safe,approved,Substantive content carried into the destination page.
p370,19,list-item,preserved,RB3,/case/roadblocks/infinite-punishment/,not-required,not-applicable,safe,approved,Substantive content carried into the destination page.
p371,19,list-item,preserved,RB3,/case/roadblocks/infinite-punishment/,not-required,not-applicable,safe,approved,Substantive content carried into the destination page.
p372,19,list-item,preserved,RB3,/case/roadblocks/infinite-punishment/,not-required,not-applicable,safe,approved,Substantive content carried into the destination page.
p373,19,heading,rewritten-for-clarity,S01,/case/key-texts/mark-9/,not-required,not-applicable,safe,approved,"Section heading, restated as the page title in the registry."
p374,20,scripture,rewritten-for-clarity,S01,/case/key-texts/mark-9/,not-required,public-domain,safe,approved,Scripture reference or quotation. Full displays render the public-domain World English Bible from the verified corpus rather than the copyrighted translation used in the source document.
p375,20,paragraph,preserved,S01,/case/key-texts/mark-9/,not-required,not-applicable,safe,approved,Substantive content carried into the destination page.
p376,20,scripture,preserved,S01,/case/key-texts/mark-9/,not-required,public-domain,safe,approved,Scripture reference or quotation. Full displays render the public-domain World English Bible from the verified corpus rather than the copyrighted translation used in the source document.
p377,20,list-item,preserved,S01,/case/key-texts/mark-9/,not-required,not-applicable,safe,approved,Substantive content carried into the destination page.
p378,20,list-item,preserved,S01,/case/key-texts/mark-9/,not-required,not-applicable,safe,approved,Substantive content carried into the destination page.
p379,20,list-item,preserved,S01,/case/key-texts/mark-9/,not-required,not-applicable,safe,approved,Substantive content carried into the destination page.
p380,20,scripture,preserved,S01,/case/key-texts/mark-9/,not-required,public-domain,safe,approved,Scripture reference or quotation. Full displays render the public-domain World English Bible from the verified corpus rather than the copyrighted translation used in the source document.
p381,20,list-item,preserved,S01,/case/key-texts/mark-9/,not-required,not-applicable,safe,approved,Substantive content carried into the destination page.
p382,20,list-item,preserved,S01,/case/key-texts/mark-9/,not-required,not-applicable,safe,approved,Substantive content carried into the destination page.
p383,20,list-item,preserved,S01,/case/key-texts/mark-9/,not-required,not-applicable,safe,approved,Substantive content carried into the destination page.
p384,20,paragraph,preserved,S01,/case/key-texts/mark-9/,not-required,not-applicable,safe,approved,Substantive content carried into the destination page.
p385,20,list-item,preserved,S01,/case/key-texts/mark-9/,not-required,not-applicable,safe,approved,Substantive content carried into the destination page.
p386,20,list-item,preserved,S01,/case/key-texts/mark-9/,not-required,not-applicable,safe,approved,Substantive content carried into the destination page.
p387,20,scripture,preserved,S01,/case/key-texts/mark-9/,not-required,public-domain,safe,approved,Scripture reference or quotation. Full displays render the public-domain World English Bible from the verified corpus rather than the copyrighted translation used in the source document.
p388,20,scripture,preserved,S01,/case/key-texts/mark-9/,not-required,public-domain,safe,approved,Scripture reference or quotation. Full displays render the public-domain World English Bible from the verified corpus rather than the copyrighted translation used in the source document.
p389,20,list-item,preserved,S01,/case/key-texts/mark-9/,not-required,not-applicable,safe,approved,Substantive content carried into the destination page.
p390,20,scripture,preserved,S01,/case/key-texts/mark-9/,not-required,public-domain,safe,approved,Scripture reference or quotation. Full displays render the public-domain World English Bible from the verified corpus rather than the copyrighted translation used in the source document.
p391,20,scripture,preserved,S01,/case/key-texts/mark-9/,not-required,public-domain,safe,approved,Scripture reference or quotation. Full displays render the public-domain World English Bible from the verified corpus rather than the copyrighted translation used in the source document.
p392,20,list-item,preserved,S01,/case/key-texts/mark-9/,not-required,not-applicable,safe,approved,Substantive content carried into the destination page.
p393,20,list-item,preserved,S01,/case/key-texts/mark-9/,verified,not-applicable,safe,approved,Substantive content carried into the destination page.
p394,21,scripture,preserved,S01,/case/key-texts/mark-9/,not-required,public-domain,safe,approved,Scripture reference or quotation. Full displays render the public-domain World English Bible from the verified corpus rather than the copyrighted translation used in the source document.
p395,21,scripture,preserved,S01,/case/key-texts/mark-9/,verified,public-domain,safe,approved,Scripture reference or quotation. Full displays render the public-domain World English Bible from the verified corpus rather than the copyrighted translation used in the source document.
p396,21,list-item,preserved,S01,/case/key-texts/mark-9/,not-required,not-applicable,safe,approved,Substantive content carried into the destination page.
p397,21,scripture,preserved,S01,/case/key-texts/mark-9/,verified,public-domain,safe,approved,Scripture reference or quotation. Full displays render the public-domain World English Bible from the verified corpus rather than the copyrighted translation used in the source document.
p398,21,scripture,rewritten-for-clarity,S02,/case/key-texts/revelation-14/,not-required,public-domain,safe,approved,Scripture reference or quotation. Full displays render the public-domain World English Bible from the verified corpus rather than the copyrighted translation used in the source document.
p399,21,paragraph,preserved,S02,/case/key-texts/revelation-14/,not-required,not-applicable,safe,approved,Substantive content carried into the destination page.
p400,21,paragraph,preserved,S02,/case/key-texts/revelation-14/,not-required,not-applicable,safe,approved,Substantive content carried into the destination page.
p401,21,list-item,preserved,S02,/case/key-texts/revelation-14/,not-required,not-applicable,safe,approved,Substantive content carried into the destination page.
p402,21,list-item,preserved,S02,/case/key-texts/revelation-14/,not-required,not-applicable,safe,approved,Substantive content carried into the destination page.
p403,21,scripture,preserved,S02,/case/key-texts/revelation-14/,not-required,public-domain,safe,approved,Scripture reference or quotation. Full displays render the public-domain World English Bible from the verified corpus rather than the copyrighted translation used in the source document.
p404,21,list-item,preserved,S02,/case/key-texts/revelation-14/,not-required,not-applicable,safe,approved,Substantive content carried into the destination page.
p405,21,scripture,preserved,S02,/case/key-texts/revelation-14/,not-required,public-domain,safe,approved,Scripture reference or quotation. Full displays render the public-domain World English Bible from the verified corpus rather than the copyrighted translation used in the source document.
p406,21,scripture,preserved,S02,/case/key-texts/revelation-14/,verified,public-domain,safe,approved,Scripture reference or quotation. Full displays render the public-domain World English Bible from the verified corpus rather than the copyrighted translation used in the source document.
p407,21,scripture,preserved,S02,/case/key-texts/revelation-14/,not-required,public-domain,safe,approved,Scripture reference or quotation. Full displays render the public-domain World English Bible from the verified corpus rather than the copyrighted translation used in the source document.
p408,21,list-item,preserved,S02,/case/key-texts/revelation-14/,not-required,not-applicable,safe,approved,Substantive content carried into the destination page.
p409,21,list-item,preserved,S02,/case/key-texts/revelation-14/,not-required,not-applicable,safe,approved,Substantive content carried into the destination page.
p410,21,list-item,preserved,S02,/case/key-texts/revelation-14/,not-required,not-applicable,safe,approved,Substantive content carried into the destination page.
p411,21,list-item,preserved,S02,/case/key-texts/revelation-14/,not-required,not-applicable,safe,approved,Substantive content carried into the destination page.
p412,21,list-item,preserved,S02,/case/key-texts/revelation-14/,not-required,not-applicable,safe,approved,Substantive content carried into the destination page.
p413,22,scripture,preserved,S02,/case/key-texts/revelation-14/,not-required,public-domain,safe,approved,Scripture reference or quotation. Full displays render the public-domain World English Bible from the verified corpus rather than the copyrighted translation used in the source document.
p414,22,image,relocated,S02,/case/key-texts/revelation-14/,not-required,not-applicable,safe,approved,"Image content rebuilt as text, a semantic table or an accessible SVG. See the media disposition record."
p415,22,list-item,preserved,S02,/case/key-texts/revelation-14/,not-required,not-applicable,safe,approved,Substantive content carried into the destination page.
p416,22,paragraph,preserved,S02,/case/key-texts/revelation-14/,not-required,not-applicable,safe,approved,Substantive content carried into the destination page.
p417,22,paragraph,preserved,S02,/case/key-texts/revelation-14/,not-required,not-applicable,safe,approved,Substantive content carried into the destination page.
p418,22,paragraph,preserved,S02,/case/key-texts/revelation-14/,not-required,not-applicable,safe,approved,Substantive content carried into the destination page.
p419,22,other,omitted-as-formatting-only,,,not-required,not-applicable,safe,approved,Empty paragraph used for spacing in the source document.
p420,22,scripture,rewritten-for-clarity,S03,/case/key-texts/lake-of-fire/,not-required,public-domain,safe,approved,Scripture reference or quotation. Full displays render the public-domain World English Bible from the verified corpus rather than the copyrighted translation used in the source document.
p421,22,scripture,preserved,S03,/case/key-texts/lake-of-fire/,not-required,public-domain,safe,approved,Scripture reference or quotation. Full displays render the public-domain World English Bible from the verified corpus rather than the copyrighted translation used in the source document.
p422,22,list-item,preserved,S03,/case/key-texts/lake-of-fire/,not-required,not-applicable,safe,approved,Substantive content carried into the destination page.
p423,22,list-item,preserved,S03,/case/key-texts/lake-of-fire/,not-required,not-applicable,safe,approved,Substantive content carried into the destination page.
p424,22,list-item,preserved,S03,/case/key-texts/lake-of-fire/,not-required,not-applicable,safe,approved,Substantive content carried into the destination page.
p425,22,list-item,preserved,S03,/case/key-texts/lake-of-fire/,not-required,not-applicable,safe,approved,Substantive content carried into the destination page.
p426,22,list-item,preserved,S03,/case/key-texts/lake-of-fire/,not-required,not-applicable,safe,approved,Substantive content carried into the destination page.
p427,22,list-item,preserved,S03,/case/key-texts/lake-of-fire/,not-required,not-applicable,safe,approved,Substantive content carried into the destination page.
p428,22,list-item,preserved,S03,/case/key-texts/lake-of-fire/,not-required,not-applicable,safe,approved,Substantive content carried into the destination page.
p429,22,list-item,preserved,S03,/case/key-texts/lake-of-fire/,not-required,not-applicable,safe,approved,Substantive content carried into the destination page.
p430,22,list-item,preserved,S03,/case/key-texts/lake-of-fire/,not-required,not-applicable,safe,approved,Substantive content carried into the destination page.
p431,22,scripture,preserved,S03,/case/key-texts/lake-of-fire/,not-required,public-domain,safe,approved,Scripture reference or quotation. Full displays render the public-domain World English Bible from the verified corpus rather than the copyrighted translation used in the source document.
p432,23,list-item,preserved,S03,/case/key-texts/lake-of-fire/,not-required,not-applicable,safe,approved,Substantive content carried into the destination page.
p433,23,list-item,preserved,S03,/case/key-texts/lake-of-fire/,not-required,not-applicable,safe,approved,Substantive content carried into the destination page.
p434,23,list-item,preserved,S03,/case/key-texts/lake-of-fire/,not-required,not-applicable,safe,approved,Substantive content carried into the destination page.
p435,23,list-item,preserved,S03,/case/key-texts/lake-of-fire/,not-required,not-applicable,safe,approved,Substantive content carried into the destination page.
p436,23,scripture,preserved,S03,/case/key-texts/lake-of-fire/,not-required,public-domain,safe,approved,Scripture reference or quotation. Full displays render the public-domain World English Bible from the verified corpus rather than the copyrighted translation used in the source document.
p437,23,list-item,preserved,S03,/case/key-texts/lake-of-fire/,not-required,not-applicable,safe,approved,Substantive content carried into the destination page.
p438,23,list-item,preserved,S03,/case/key-texts/lake-of-fire/,not-required,not-applicable,safe,approved,Substantive content carried into the destination page.
p439,23,scripture,preserved,S03,/case/key-texts/lake-of-fire/,not-required,public-domain,safe,approved,Scripture reference or quotation. Full displays render the public-domain World English Bible from the verified corpus rather than the copyrighted translation used in the source document.
p440,23,list-item,preserved,S03,/case/key-texts/lake-of-fire/,not-required,not-applicable,safe,approved,Substantive content carried into the destination page.
p441,23,list-item,preserved,S03,/case/key-texts/lake-of-fire/,not-required,not-applicable,safe,approved,Substantive content carried into the destination page.
p442,23,scripture,preserved,S03,/case/key-texts/lake-of-fire/,not-required,public-domain,safe,approved,Scripture reference or quotation. Full displays render the public-domain World English Bible from the verified corpus rather than the copyrighted translation used in the source document.
p443,23,scripture,preserved,S03,/case/key-texts/lake-of-fire/,not-required,public-domain,safe,approved,Scripture reference or quotation. Full displays render the public-domain World English Bible from the verified corpus rather than the copyrighted translation used in the source document.
p444,23,list-item,preserved,S03,/case/key-texts/lake-of-fire/,not-required,not-applicable,safe,approved,Substantive content carried into the destination page.
p445,23,list-item,preserved,S03,/case/key-texts/lake-of-fire/,not-required,not-applicable,safe,approved,Substantive content carried into the destination page.
p446,23,other,omitted-as-formatting-only,,,not-required,not-applicable,safe,approved,Empty paragraph used for spacing in the source document.
p447,23,heading,rewritten-for-clarity,S04,/case/key-texts/eternal-punishment/,not-required,not-applicable,safe,approved,"Section heading, restated as the page title in the registry."
p448,23,scripture,preserved,S04,/case/key-texts/eternal-punishment/,not-required,public-domain,safe,approved,Scripture reference or quotation. Full displays render the public-domain World English Bible from the verified corpus rather than the copyrighted translation used in the source document.
p449,23,scripture,preserved,S04,/case/key-texts/eternal-punishment/,not-required,public-domain,safe,approved,Scripture reference or quotation. Full displays render the public-domain World English Bible from the verified corpus rather than the copyrighted translation used in the source document.
p450,23,scripture,preserved,S04,/case/key-texts/eternal-punishment/,not-required,public-domain,safe,approved,Scripture reference or quotation. Full displays render the public-domain World English Bible from the verified corpus rather than the copyrighted translation used in the source document.
p451,24,list-item,preserved,S04,/case/key-texts/eternal-punishment/,not-required,not-applicable,safe,approved,Substantive content carried into the destination page.
p452,24,list-item,preserved,S04,/case/key-texts/eternal-punishment/,not-required,not-applicable,safe,approved,Substantive content carried into the destination page.
p453,24,list-item,preserved,S04,/case/key-texts/eternal-punishment/,not-required,not-applicable,safe,approved,Substantive content carried into the destination page.
p454,24,list-item,preserved,S04,/case/key-texts/eternal-punishment/,not-required,not-applicable,safe,approved,Substantive content carried into the destination page.
p455,24,list-item,preserved,S04,/case/key-texts/eternal-punishment/,not-required,not-applicable,safe,approved,Substantive content carried into the destination page.
p456,24,scripture,preserved,S04,/case/key-texts/eternal-punishment/,not-required,public-domain,safe,approved,Scripture reference or quotation. Full displays render the public-domain World English Bible from the verified corpus rather than the copyrighted translation used in the source document.
p457,24,list-item,preserved,S04,/case/key-texts/eternal-punishment/,not-required,not-applicable,safe,approved,Substantive content carried into the destination page.
p458,24,scripture,preserved,S04,/case/key-texts/eternal-punishment/,not-required,public-domain,safe,approved,Scripture reference or quotation. Full displays render the public-domain World English Bible from the verified corpus rather than the copyrighted translation used in the source document.
p459,24,list-item,preserved,S04,/case/key-texts/eternal-punishment/,not-required,not-applicable,safe,approved,Substantive content carried into the destination page.
p460,24,scripture,preserved,S04,/case/key-texts/eternal-punishment/,not-required,public-domain,safe,approved,Scripture reference or quotation. Full displays render the public-domain World English Bible from the verified corpus rather than the copyrighted translation used in the source document.
p461,24,list-item,preserved,S04,/case/key-texts/eternal-punishment/,not-required,not-applicable,safe,approved,Substantive content carried into the destination page.
p462,24,scripture,preserved,S04,/case/key-texts/eternal-punishment/,not-required,public-domain,safe,approved,Scripture reference or quotation. Full displays render the public-domain World English Bible from the verified corpus rather than the copyrighted translation used in the source document.
p463,24,list-item,preserved,S04,/case/key-texts/eternal-punishment/,not-required,not-applicable,safe,approved,Substantive content carried into the destination page.
p464,24,scripture,preserved,S04,/case/key-texts/eternal-punishment/,not-required,public-domain,safe,approved,Scripture reference or quotation. Full displays render the public-domain World English Bible from the verified corpus rather than the copyrighted translation used in the source document.
p465,24,scripture,preserved,S04,/case/key-texts/eternal-punishment/,not-required,public-domain,safe,approved,Scripture reference or quotation. Full displays render the public-domain World English Bible from the verified corpus rather than the copyrighted translation used in the source document.
p466,24,list-item,preserved,S04,/case/key-texts/eternal-punishment/,not-required,not-applicable,safe,approved,Substantive content carried into the destination page.
p467,24,list-item,preserved,S04,/case/key-texts/eternal-punishment/,not-required,not-applicable,safe,approved,Substantive content carried into the destination page.
p468,24,list-item,preserved,S04,/case/key-texts/eternal-punishment/,not-required,not-applicable,safe,approved,Substantive content carried into the destination page.
p469,24,scripture,preserved,S04,/case/key-texts/eternal-punishment/,not-required,public-domain,safe,approved,Scripture reference or quotation. Full displays render the public-domain World English Bible from the verified corpus rather than the copyrighted translation used in the source document.
p470,25,list-item,preserved,S04,/case/key-texts/eternal-punishment/,not-required,not-applicable,safe,approved,Substantive content carried into the destination page.
p471,25,scripture,preserved,S04,/case/key-texts/eternal-punishment/,not-required,public-domain,safe,approved,Scripture reference or quotation. Full displays render the public-domain World English Bible from the verified corpus rather than the copyrighted translation used in the source document.
p472,25,list-item,preserved,S04,/case/key-texts/eternal-punishment/,not-required,not-applicable,safe,approved,Substantive content carried into the destination page.
p473,25,scripture,preserved,S04,/case/key-texts/eternal-punishment/,not-required,public-domain,safe,approved,Scripture reference or quotation. Full displays render the public-domain World English Bible from the verified corpus rather than the copyrighted translation used in the source document.
p474,25,list-item,preserved,S04,/case/key-texts/eternal-punishment/,not-required,not-applicable,safe,approved,Substantive content carried into the destination page.
p475,25,scripture,preserved,S04,/case/key-texts/eternal-punishment/,not-required,public-domain,safe,approved,Scripture reference or quotation. Full displays render the public-domain World English Bible from the verified corpus rather than the copyrighted translation used in the source document.
p476,25,scripture,preserved,S04,/case/key-texts/eternal-punishment/,not-required,public-domain,safe,approved,Scripture reference or quotation. Full displays render the public-domain World English Bible from the verified corpus rather than the copyrighted translation used in the source document.
p477,25,paragraph,preserved,S04,/case/key-texts/eternal-punishment/,not-required,not-applicable,safe,approved,Substantive content carried into the destination page.
p478,25,scripture,preserved,S04,/case/key-texts/eternal-punishment/,not-required,public-domain,safe,approved,Scripture reference or quotation. Full displays render the public-domain World English Bible from the verified corpus rather than the copyrighted translation used in the source document.
p479,25,list-item,preserved,S04,/case/key-texts/eternal-punishment/,not-required,not-applicable,safe,approved,Substantive content carried into the destination page.
p480,25,list-item,preserved,S04,/case/key-texts/eternal-punishment/,not-required,not-applicable,safe,approved,Substantive content carried into the destination page.
p481,25,list-item,preserved,S04,/case/key-texts/eternal-punishment/,not-required,not-applicable,safe,approved,Substantive content carried into the destination page.
p482,25,list-item,preserved,S04,/case/key-texts/eternal-punishment/,not-required,not-applicable,safe,approved,Substantive content carried into the destination page.
p483,25,paragraph,preserved,S04,/case/key-texts/eternal-punishment/,not-required,not-applicable,safe,approved,Substantive content carried into the destination page.
p484,25,list-item,preserved,S04,/case/key-texts/eternal-punishment/,not-required,not-applicable,safe,approved,Substantive content carried into the destination page.
p485,25,list-item,preserved,S04,/case/key-texts/eternal-punishment/,not-required,not-applicable,safe,approved,Substantive content carried into the destination page.
p486,25,list-item,preserved,S04,/case/key-texts/eternal-punishment/,not-required,not-applicable,safe,approved,Substantive content carried into the destination page.
p487,25,list-item,preserved,S04,/case/key-texts/eternal-punishment/,not-required,not-applicable,safe,approved,Substantive content carried into the destination page.
p488,25,scripture,preserved,S04,/case/key-texts/eternal-punishment/,verified,public-domain,safe,approved,Scripture reference or quotation. Full displays render the public-domain World English Bible from the verified corpus rather than the copyrighted translation used in the source document.
p489,26,list-item,preserved,S04,/case/key-texts/eternal-punishment/,verified,not-applicable,safe,approved,Substantive content carried into the destination page.
p490,26,scripture,preserved,S04,/case/key-texts/eternal-punishment/,not-required,public-domain,safe,approved,Scripture reference or quotation. Full displays render the public-domain World English Bible from the verified corpus rather than the copyrighted translation used in the source document.
p491,26,scripture,preserved,S04,/case/key-texts/eternal-punishment/,not-required,public-domain,safe,approved,Scripture reference or quotation. Full displays render the public-domain World English Bible from the verified corpus rather than the copyrighted translation used in the source document.
p492,26,scripture,preserved,S04,/case/key-texts/eternal-punishment/,not-required,public-domain,safe,approved,Scripture reference or quotation. Full displays render the public-domain World English Bible from the verified corpus rather than the copyrighted translation used in the source document.
p493,26,scripture,preserved,S04,/case/key-texts/eternal-punishment/,not-required,public-domain,safe,approved,Scripture reference or quotation. Full displays render the public-domain World English Bible from the verified corpus rather than the copyrighted translation used in the source document.
p494,26,list-item,preserved,S04,/case/key-texts/eternal-punishment/,not-required,not-applicable,safe,approved,Substantive content carried into the destination page.
p495,26,scripture,preserved,S04,/case/key-texts/eternal-punishment/,not-required,public-domain,safe,approved,Scripture reference or quotation. Full displays render the public-domain World English Bible from the verified corpus rather than the copyrighted translation used in the source document.
p496,26,list-item,preserved,S04,/case/key-texts/eternal-punishment/,not-required,not-applicable,safe,approved,Substantive content carried into the destination page.
p497,26,list-item,preserved,S04,/case/key-texts/eternal-punishment/,not-required,not-applicable,safe,approved,Substantive content carried into the destination page.
p498,26,list-item,preserved,S04,/case/key-texts/eternal-punishment/,not-required,not-applicable,safe,approved,Substantive content carried into the destination page.
p499,26,list-item,preserved,S04,/case/key-texts/eternal-punishment/,not-required,not-applicable,safe,approved,Substantive content carried into the destination page.
p500,26,list-item,preserved,S04,/case/key-texts/eternal-punishment/,not-required,not-applicable,safe,approved,Substantive content carried into the destination page.
p501,26,other,omitted-as-formatting-only,,,not-required,not-applicable,safe,approved,Empty paragraph used for spacing in the source document.
p502,26,heading,rewritten-for-clarity,S05,/case/key-texts/rich-man-and-lazarus/,not-required,not-applicable,safe,approved,"Section heading, restated as the page title in the registry."
p503,26,scripture,preserved,S05,/case/key-texts/rich-man-and-lazarus/,not-required,public-domain,safe,approved,Scripture reference or quotation. Full displays render the public-domain World English Bible from the verified corpus rather than the copyrighted translation used in the source document.
p504,26,list-item,preserved,S05,/case/key-texts/rich-man-and-lazarus/,not-required,not-applicable,safe,approved,Substantive content carried into the destination page.
p505,26,list-item,preserved,S05,/case/key-texts/rich-man-and-lazarus/,not-required,not-applicable,safe,approved,Substantive content carried into the destination page.
p506,26,list-item,preserved,S05,/case/key-texts/rich-man-and-lazarus/,not-required,not-applicable,safe,approved,Substantive content carried into the destination page.
p507,26,list-item,preserved,S05,/case/key-texts/rich-man-and-lazarus/,not-required,not-applicable,safe,approved,Substantive content carried into the destination page.
p508,26,list-item,preserved,S05,/case/key-texts/rich-man-and-lazarus/,not-required,not-applicable,safe,approved,Substantive content carried into the destination page.
p509,27,heading,rewritten-for-clarity,S06,/case/key-texts/weeping-and-gnashing/,not-required,not-applicable,safe,approved,"Section heading, restated as the page title in the registry."
p510,27,list-item,preserved,S06,/case/key-texts/weeping-and-gnashing/,not-required,not-applicable,safe,approved,Substantive content carried into the destination page.
p511,27,scripture,preserved,S06,/case/key-texts/weeping-and-gnashing/,not-required,public-domain,safe,approved,Scripture reference or quotation. Full displays render the public-domain World English Bible from the verified corpus rather than the copyrighted translation used in the source document.
p512,27,scripture,preserved,S06,/case/key-texts/weeping-and-gnashing/,not-required,public-domain,safe,approved,Scripture reference or quotation. Full displays render the public-domain World English Bible from the verified corpus rather than the copyrighted translation used in the source document.
p513,27,scripture,preserved,S06,/case/key-texts/weeping-and-gnashing/,not-required,public-domain,safe,approved,Scripture reference or quotation. Full displays render the public-domain World English Bible from the verified corpus rather than the copyrighted translation used in the source document.
p514,27,list-item,preserved,S06,/case/key-texts/weeping-and-gnashing/,not-required,not-applicable,safe,approved,Substantive content carried into the destination page.
p515,27,scripture,preserved,S06,/case/key-texts/weeping-and-gnashing/,not-required,public-domain,safe,approved,Scripture reference or quotation. Full displays render the public-domain World English Bible from the verified corpus rather than the copyrighted translation used in the source document.
p516,27,paragraph,preserved,S06,/case/key-texts/weeping-and-gnashing/,not-required,not-applicable,safe,approved,Substantive content carried into the destination page.
p517,27,scripture,preserved,S06,/case/key-texts/weeping-and-gnashing/,not-required,public-domain,safe,approved,Scripture reference or quotation. Full displays render the public-domain World English Bible from the verified corpus rather than the copyrighted translation used in the source document.
p518,27,scripture,preserved,S06,/case/key-texts/weeping-and-gnashing/,not-required,public-domain,safe,approved,Scripture reference or quotation. Full displays render the public-domain World English Bible from the verified corpus rather than the copyrighted translation used in the source document.
p519,27,paragraph,preserved,S06,/case/key-texts/weeping-and-gnashing/,not-required,not-applicable,safe,approved,Substantive content carried into the destination page.
p520,27,list-item,preserved,S06,/case/key-texts/weeping-and-gnashing/,not-required,not-applicable,safe,approved,Substantive content carried into the destination page.
p521,27,list-item,preserved,S06,/case/key-texts/weeping-and-gnashing/,not-required,not-applicable,safe,approved,Substantive content carried into the destination page.
p522,27,list-item,preserved,S06,/case/key-texts/weeping-and-gnashing/,not-required,not-applicable,safe,approved,Substantive content carried into the destination page.
p523,27,scripture,preserved,S06,/case/key-texts/weeping-and-gnashing/,not-required,public-domain,safe,approved,Scripture reference or quotation. Full displays render the public-domain World English Bible from the verified corpus rather than the copyrighted translation used in the source document.
p524,27,scripture,preserved,S06,/case/key-texts/weeping-and-gnashing/,not-required,public-domain,safe,approved,Scripture reference or quotation. Full displays render the public-domain World English Bible from the verified corpus rather than the copyrighted translation used in the source document.
p525,27,list-item,preserved,S06,/case/key-texts/weeping-and-gnashing/,not-required,not-applicable,safe,approved,Substantive content carried into the destination page.
p526,27,list-item,preserved,S06,/case/key-texts/weeping-and-gnashing/,not-required,not-applicable,safe,approved,Substantive content carried into the destination page.
p527,27,scripture,preserved,S06,/case/key-texts/weeping-and-gnashing/,not-required,public-domain,safe,approved,Scripture reference or quotation. Full displays render the public-domain World English Bible from the verified corpus rather than the copyrighted translation used in the source document.
p528,28,scripture,preserved,S06,/case/key-texts/weeping-and-gnashing/,not-required,public-domain,safe,approved,Scripture reference or quotation. Full displays render the public-domain World English Bible from the verified corpus rather than the copyrighted translation used in the source document.
p529,28,list-item,preserved,S06,/case/key-texts/weeping-and-gnashing/,not-required,not-applicable,safe,approved,Substantive content carried into the destination page.
p530,28,list-item,preserved,S06,/case/key-texts/weeping-and-gnashing/,not-required,not-applicable,safe,approved,Substantive content carried into the destination page.
p531,28,list-item,preserved,S06,/case/key-texts/weeping-and-gnashing/,not-required,not-applicable,safe,approved,Substantive content carried into the destination page.
p532,28,list-item,preserved,S06,/case/key-texts/weeping-and-gnashing/,not-required,not-applicable,safe,approved,Substantive content carried into the destination page.
p533,28,list-item,preserved,S06,/case/key-texts/weeping-and-gnashing/,not-required,not-applicable,safe,approved,Substantive content carried into the destination page.
p534,28,list-item,preserved,S06,/case/key-texts/weeping-and-gnashing/,not-required,not-applicable,safe,approved,Substantive content carried into the destination page.
p535,28,scripture,preserved,S06,/case/key-texts/weeping-and-gnashing/,not-required,public-domain,safe,approved,Scripture reference or quotation. Full displays render the public-domain World English Bible from the verified corpus rather than the copyrighted translation used in the source document.
p536,28,list-item,preserved,S06,/case/key-texts/weeping-and-gnashing/,not-required,not-applicable,safe,approved,Substantive content carried into the destination page.
p537,28,scripture,preserved,S06,/case/key-texts/weeping-and-gnashing/,not-required,public-domain,safe,approved,Scripture reference or quotation. Full displays render the public-domain World English Bible from the verified corpus rather than the copyrighted translation used in the source document.
p538,28,list-item,preserved,S06,/case/key-texts/weeping-and-gnashing/,not-required,not-applicable,safe,approved,Substantive content carried into the destination page.
p539,28,list-item,preserved,S06,/case/key-texts/weeping-and-gnashing/,not-required,not-applicable,safe,approved,Substantive content carried into the destination page.
p540,28,list-item,preserved,S06,/case/key-texts/weeping-and-gnashing/,not-required,not-applicable,safe,approved,Substantive content carried into the destination page.
p541,28,scripture,preserved,S06,/case/key-texts/weeping-and-gnashing/,not-required,public-domain,safe,approved,Scripture reference or quotation. Full displays render the public-domain World English Bible from the verified corpus rather than the copyrighted translation used in the source document.
p542,28,list-item,preserved,S06,/case/key-texts/weeping-and-gnashing/,not-required,not-applicable,safe,approved,Substantive content carried into the destination page.
p543,28,list-item,preserved,S06,/case/key-texts/weeping-and-gnashing/,not-required,not-applicable,safe,approved,Substantive content carried into the destination page.
p544,28,paragraph,preserved,S06,/case/key-texts/weeping-and-gnashing/,verified,not-applicable,safe,approved,Substantive content carried into the destination page.
p545,28,scripture,preserved,S06,/case/key-texts/weeping-and-gnashing/,not-required,public-domain,safe,approved,Scripture reference or quotation. Full displays render the public-domain World English Bible from the verified corpus rather than the copyrighted translation used in the source document.
p546,28,list-item,preserved,S06,/case/key-texts/weeping-and-gnashing/,not-required,not-applicable,safe,approved,Substantive content carried into the destination page.
p547,29,list-item,preserved,S06,/case/key-texts/weeping-and-gnashing/,not-required,not-applicable,safe,approved,Substantive content carried into the destination page.
p548,29,paragraph,preserved,S06,/case/key-texts/weeping-and-gnashing/,not-required,not-applicable,safe,approved,Substantive content carried into the destination page.
p549,29,scripture,preserved,S06,/case/key-texts/weeping-and-gnashing/,not-required,public-domain,safe,approved,Scripture reference or quotation. Full displays render the public-domain World English Bible from the verified corpus rather than the copyrighted translation used in the source document.
p550,29,scripture,preserved,S06,/case/key-texts/weeping-and-gnashing/,not-required,public-domain,safe,approved,Scripture reference or quotation. Full displays render the public-domain World English Bible from the verified corpus rather than the copyrighted translation used in the source document.
p551,29,list-item,preserved,S06,/case/key-texts/weeping-and-gnashing/,not-required,not-applicable,safe,approved,Substantive content carried into the destination page.
p552,29,list-item,preserved,S06,/case/key-texts/weeping-and-gnashing/,not-required,not-applicable,safe,approved,Substantive content carried into the destination page.
p553,29,list-item,preserved,S06,/case/key-texts/weeping-and-gnashing/,not-required,not-applicable,safe,approved,Substantive content carried into the destination page.
p554,29,other,omitted-as-formatting-only,,,not-required,not-applicable,safe,approved,Empty paragraph used for spacing in the source document.
p555,29,other,omitted-as-formatting-only,,,not-required,not-applicable,safe,approved,Empty paragraph used for spacing in the source document.
p556,29,heading,rewritten-for-clarity,S07,/case/biblical-language/sin-and-death/,not-required,not-applicable,safe,approved,"Section heading, restated as the page title in the registry."
p557,29,paragraph,preserved,S07,/case/biblical-language/sin-and-death/,not-required,not-applicable,safe,approved,Substantive content carried into the destination page.
p558,29,other,omitted-as-formatting-only,,,not-required,not-applicable,safe,approved,Empty paragraph used for spacing in the source document.
p559,29,heading,rewritten-for-clarity,S07,/case/biblical-language/sin-and-death/,not-required,not-applicable,safe,approved,"Section heading, restated as the page title in the registry."
p560,29,scripture,preserved,S07,/case/biblical-language/sin-and-death/,verified,public-domain,safe,approved,Scripture reference or quotation. Full displays render the public-domain World English Bible from the verified corpus rather than the copyrighted translation used in the source document.
p561,29,list-item,preserved,S07,/case/biblical-language/sin-and-death/,not-required,not-applicable,safe,approved,Substantive content carried into the destination page.
p562,29,scripture,preserved,S07,/case/biblical-language/sin-and-death/,not-required,public-domain,safe,approved,Scripture reference or quotation. Full displays render the public-domain World English Bible from the verified corpus rather than the copyrighted translation used in the source document.
p563,29,scripture,preserved,S07,/case/biblical-language/sin-and-death/,not-required,public-domain,safe,approved,Scripture reference or quotation. Full displays render the public-domain World English Bible from the verified corpus rather than the copyrighted translation used in the source document.
p564,29,scripture,preserved,S07,/case/biblical-language/sin-and-death/,not-required,public-domain,safe,approved,Scripture reference or quotation. Full displays render the public-domain World English Bible from the verified corpus rather than the copyrighted translation used in the source document.
p565,29,list-item,preserved,S07,/case/biblical-language/sin-and-death/,not-required,not-applicable,safe,approved,Substantive content carried into the destination page.
p566,30,list-item,preserved,S07,/case/biblical-language/sin-and-death/,not-required,not-applicable,safe,approved,Substantive content carried into the destination page.
p567,30,list-item,preserved,S07,/case/biblical-language/sin-and-death/,not-required,not-applicable,safe,approved,Substantive content carried into the destination page.
p568,30,scripture,preserved,S07,/case/biblical-language/sin-and-death/,not-required,public-domain,safe,approved,Scripture reference or quotation. Full displays render the public-domain World English Bible from the verified corpus rather than the copyrighted translation used in the source document.
p569,30,scripture,preserved,S07,/case/biblical-language/sin-and-death/,not-required,public-domain,safe,approved,Scripture reference or quotation. Full displays render the public-domain World English Bible from the verified corpus rather than the copyrighted translation used in the source document.
p570,30,list-item,preserved,S07,/case/biblical-language/sin-and-death/,not-required,not-applicable,safe,approved,Substantive content carried into the destination page.
p571,30,list-item,preserved,S07,/case/biblical-language/sin-and-death/,not-required,not-applicable,safe,approved,Substantive content carried into the destination page.
p572,30,paragraph,preserved,S07,/case/biblical-language/sin-and-death/,not-required,not-applicable,safe,approved,Substantive content carried into the destination page.
p573,30,heading,rewritten-for-clarity,S08,/case/biblical-language/destruction/,not-required,not-applicable,safe,approved,"Section heading, restated as the page title in the registry."
p574,30,scripture,preserved,S08,/case/biblical-language/destruction/,not-required,public-domain,safe,approved,Scripture reference or quotation. Full displays render the public-domain World English Bible from the verified corpus rather than the copyrighted translation used in the source document.
p575,30,list-item,preserved,S08,/case/biblical-language/destruction/,not-required,not-applicable,safe,approved,Substantive content carried into the destination page.
p576,30,scripture,preserved,S08,/case/biblical-language/destruction/,not-required,public-domain,safe,approved,Scripture reference or quotation. Full displays render the public-domain World English Bible from the verified corpus rather than the copyrighted translation used in the source document.
p577,30,scripture,preserved,S08,/case/biblical-language/destruction/,not-required,public-domain,safe,approved,Scripture reference or quotation. Full displays render the public-domain World English Bible from the verified corpus rather than the copyrighted translation used in the source document.
p578,30,scripture,preserved,S08,/case/biblical-language/destruction/,not-required,public-domain,safe,approved,Scripture reference or quotation. Full displays render the public-domain World English Bible from the verified corpus rather than the copyrighted translation used in the source document.
p579,30,scripture,preserved,S08,/case/biblical-language/destruction/,not-required,public-domain,safe,approved,Scripture reference or quotation. Full displays render the public-domain World English Bible from the verified corpus rather than the copyrighted translation used in the source document.
p580,30,scripture,preserved,S08,/case/biblical-language/destruction/,not-required,public-domain,safe,approved,Scripture reference or quotation. Full displays render the public-domain World English Bible from the verified corpus rather than the copyrighted translation used in the source document.
p581,30,scripture,preserved,S08,/case/biblical-language/destruction/,not-required,public-domain,safe,approved,Scripture reference or quotation. Full displays render the public-domain World English Bible from the verified corpus rather than the copyrighted translation used in the source document.
p582,30,list-item,preserved,S08,/case/biblical-language/destruction/,not-required,not-applicable,safe,approved,Substantive content carried into the destination page.
p583,30,list-item,preserved,S08,/case/biblical-language/destruction/,not-required,not-applicable,safe,approved,Substantive content carried into the destination page.
p584,30,list-item,preserved,S08,/case/biblical-language/destruction/,not-required,not-applicable,safe,approved,Substantive content carried into the destination page.
p585,31,list-item,preserved,S08,/case/biblical-language/destruction/,not-required,not-applicable,safe,approved,Substantive content carried into the destination page.
p586,31,list-item,preserved,S08,/case/biblical-language/destruction/,not-required,not-applicable,safe,approved,Substantive content carried into the destination page.
p587,31,scripture,preserved,S08,/case/biblical-language/destruction/,not-required,public-domain,safe,approved,Scripture reference or quotation. Full displays render the public-domain World English Bible from the verified corpus rather than the copyrighted translation used in the source document.
p588,31,scripture,preserved,S08,/case/biblical-language/destruction/,not-required,public-domain,safe,approved,Scripture reference or quotation. Full displays render the public-domain World English Bible from the verified corpus rather than the copyrighted translation used in the source document.
p589,31,list-item,preserved,S08,/case/biblical-language/destruction/,not-required,not-applicable,safe,approved,Substantive content carried into the destination page.
p590,31,scripture,preserved,S08,/case/biblical-language/destruction/,not-required,public-domain,safe,approved,Scripture reference or quotation. Full displays render the public-domain World English Bible from the verified corpus rather than the copyrighted translation used in the source document.
p591,31,scripture,preserved,S08,/case/biblical-language/destruction/,not-required,public-domain,safe,approved,Scripture reference or quotation. Full displays render the public-domain World English Bible from the verified corpus rather than the copyrighted translation used in the source document.
p592,31,scripture,preserved,S08,/case/biblical-language/destruction/,not-required,public-domain,safe,approved,Scripture reference or quotation. Full displays render the public-domain World English Bible from the verified corpus rather than the copyrighted translation used in the source document.
p593,31,scripture,preserved,S08,/case/biblical-language/destruction/,not-required,public-domain,safe,approved,Scripture reference or quotation. Full displays render the public-domain World English Bible from the verified corpus rather than the copyrighted translation used in the source document.
p594,31,scripture,preserved,S08,/case/biblical-language/destruction/,not-required,public-domain,safe,approved,Scripture reference or quotation. Full displays render the public-domain World English Bible from the verified corpus rather than the copyrighted translation used in the source document.
p595,31,scripture,preserved,S08,/case/biblical-language/destruction/,not-required,public-domain,safe,approved,Scripture reference or quotation. Full displays render the public-domain World English Bible from the verified corpus rather than the copyrighted translation used in the source document.
p596,31,scripture,preserved,S08,/case/biblical-language/destruction/,not-required,public-domain,safe,approved,Scripture reference or quotation. Full displays render the public-domain World English Bible from the verified corpus rather than the copyrighted translation used in the source document.
p597,31,list-item,preserved,S08,/case/biblical-language/destruction/,not-required,not-applicable,safe,approved,Substantive content carried into the destination page.
p598,31,scripture,preserved,S08,/case/biblical-language/destruction/,not-required,public-domain,safe,approved,Scripture reference or quotation. Full displays render the public-domain World English Bible from the verified corpus rather than the copyrighted translation used in the source document.
p599,31,list-item,preserved,S08,/case/biblical-language/destruction/,not-required,not-applicable,safe,approved,Substantive content carried into the destination page.
p600,31,scripture,preserved,S08,/case/biblical-language/destruction/,not-required,public-domain,safe,approved,Scripture reference or quotation. Full displays render the public-domain World English Bible from the verified corpus rather than the copyrighted translation used in the source document.
p601,31,paragraph,preserved,S08,/case/biblical-language/destruction/,verified,not-applicable,safe,approved,Substantive content carried into the destination page.
p602,31,list-item,preserved,S08,/case/biblical-language/destruction/,not-required,not-applicable,safe,approved,Substantive content carried into the destination page.
p603,31,other,omitted-as-formatting-only,,,not-required,not-applicable,safe,approved,Empty paragraph used for spacing in the source document.
p604,32,other,omitted-as-formatting-only,,,not-required,not-applicable,safe,approved,Empty paragraph used for spacing in the source document.
p605,32,heading,rewritten-for-clarity,S09,/case/biblical-language/delayed-judgment/,not-required,not-applicable,safe,approved,"Section heading, restated as the page title in the registry."
p606,32,paragraph,preserved,S09,/case/biblical-language/delayed-judgment/,not-required,not-applicable,safe,approved,Substantive content carried into the destination page.
p607,32,scripture,preserved,S09,/case/biblical-language/delayed-judgment/,not-required,public-domain,safe,approved,Scripture reference or quotation. Full displays render the public-domain World English Bible from the verified corpus rather than the copyrighted translation used in the source document.
p608,32,scripture,preserved,S09,/case/biblical-language/delayed-judgment/,not-required,public-domain,safe,approved,Scripture reference or quotation. Full displays render the public-domain World English Bible from the verified corpus rather than the copyrighted translation used in the source document.
p609,32,list-item,preserved,S09,/case/biblical-language/delayed-judgment/,not-required,not-applicable,safe,approved,Substantive content carried into the destination page.
p610,32,heading,rewritten-for-clarity,S10,/case/biblical-language/body-and-soul/,not-required,not-applicable,safe,approved,"Section heading, restated as the page title in the registry."
p611,32,scripture,preserved,S10,/case/biblical-language/body-and-soul/,not-required,public-domain,safe,approved,Scripture reference or quotation. Full displays render the public-domain World English Bible from the verified corpus rather than the copyrighted translation used in the source document.
p612,32,list-item,preserved,S10,/case/biblical-language/body-and-soul/,not-required,not-applicable,safe,approved,Substantive content carried into the destination page.
p613,32,list-item,preserved,S10,/case/biblical-language/body-and-soul/,not-required,not-applicable,safe,approved,Substantive content carried into the destination page.
p614,32,list-item,preserved,S10,/case/biblical-language/body-and-soul/,not-required,not-applicable,safe,approved,Substantive content carried into the destination page.
p615,32,list-item,preserved,S10,/case/biblical-language/body-and-soul/,not-required,not-applicable,safe,approved,Substantive content carried into the destination page.
p616,32,list-item,preserved,S10,/case/biblical-language/body-and-soul/,not-required,not-applicable,safe,approved,Substantive content carried into the destination page.
p617,32,scripture,preserved,S10,/case/biblical-language/body-and-soul/,verified,public-domain,safe,approved,Scripture reference or quotation. Full displays render the public-domain World English Bible from the verified corpus rather than the copyrighted translation used in the source document.
p618,32,scripture,preserved,S10,/case/biblical-language/body-and-soul/,not-required,public-domain,safe,approved,Scripture reference or quotation. Full displays render the public-domain World English Bible from the verified corpus rather than the copyrighted translation used in the source document.
p619,32,scripture,preserved,S10,/case/biblical-language/body-and-soul/,not-required,public-domain,safe,approved,Scripture reference or quotation. Full displays render the public-domain World English Bible from the verified corpus rather than the copyrighted translation used in the source document.
p620,32,scripture,preserved,S10,/case/biblical-language/body-and-soul/,not-required,public-domain,safe,approved,Scripture reference or quotation. Full displays render the public-domain World English Bible from the verified corpus rather than the copyrighted translation used in the source document.
p621,32,list-item,preserved,S10,/case/biblical-language/body-and-soul/,not-required,not-applicable,safe,approved,Substantive content carried into the destination page.
p622,32,paragraph,preserved,S10,/case/biblical-language/body-and-soul/,not-required,not-applicable,safe,approved,Substantive content carried into the destination page.
p623,32,paragraph,preserved,S10,/case/biblical-language/body-and-soul/,not-required,not-applicable,safe,approved,Substantive content carried into the destination page.
p624,33,list-item,preserved,S10,/case/biblical-language/body-and-soul/,not-required,not-applicable,safe,approved,Substantive content carried into the destination page.
p625,33,list-item,preserved,S10,/case/biblical-language/body-and-soul/,not-required,not-applicable,safe,approved,Substantive content carried into the destination page.
p626,33,list-item,preserved,S10,/case/biblical-language/body-and-soul/,not-required,not-applicable,safe,approved,Substantive content carried into the destination page.
p627,33,list-item,preserved,S10,/case/biblical-language/body-and-soul/,not-required,not-applicable,safe,approved,Substantive content carried into the destination page.
p628,33,list-item,preserved,S10,/case/biblical-language/body-and-soul/,not-required,not-applicable,safe,approved,Substantive content carried into the destination page.
p629,33,list-item,preserved,S10,/case/biblical-language/body-and-soul/,not-required,not-applicable,safe,approved,Substantive content carried into the destination page.
p630,33,list-item,preserved,S10,/case/biblical-language/body-and-soul/,not-required,not-applicable,safe,approved,Substantive content carried into the destination page.
p631,33,list-item,preserved,S10,/case/biblical-language/body-and-soul/,not-required,not-applicable,safe,approved,Substantive content carried into the destination page.
p632,33,list-item,preserved,S10,/case/biblical-language/body-and-soul/,not-required,not-applicable,safe,approved,Substantive content carried into the destination page.
p633,33,list-item,preserved,S10,/case/biblical-language/body-and-soul/,not-required,not-applicable,safe,approved,Substantive content carried into the destination page.
p634,33,list-item,preserved,S10,/case/biblical-language/body-and-soul/,not-required,not-applicable,safe,approved,Substantive content carried into the destination page.
p635,33,list-item,preserved,S10,/case/biblical-language/body-and-soul/,not-required,not-applicable,safe,approved,Substantive content carried into the destination page.
p636,33,list-item,preserved,S10,/case/biblical-language/body-and-soul/,not-required,not-applicable,safe,approved,Substantive content carried into the destination page.
p637,33,scripture,preserved,S10,/case/biblical-language/body-and-soul/,not-required,public-domain,safe,approved,Scripture reference or quotation. Full displays render the public-domain World English Bible from the verified corpus rather than the copyrighted translation used in the source document.
p638,33,list-item,preserved,S10,/case/biblical-language/body-and-soul/,not-required,not-applicable,safe,approved,Substantive content carried into the destination page.
p639,33,list-item,preserved,S10,/case/biblical-language/body-and-soul/,not-required,not-applicable,safe,approved,Substantive content carried into the destination page.
p640,33,scripture,preserved,S10,/case/biblical-language/body-and-soul/,not-required,public-domain,safe,approved,Scripture reference or quotation. Full displays render the public-domain World English Bible from the verified corpus rather than the copyrighted translation used in the source document.
p641,33,list-item,preserved,S10,/case/biblical-language/body-and-soul/,not-required,not-applicable,safe,approved,Substantive content carried into the destination page.
p642,33,paragraph,preserved,S10,/case/biblical-language/body-and-soul/,not-required,not-applicable,safe,approved,Substantive content carried into the destination page.
p643,34,list-item,preserved,S10,/case/biblical-language/body-and-soul/,not-required,not-applicable,safe,approved,Substantive content carried into the destination page.
p644,34,list-item,preserved,S10,/case/biblical-language/body-and-soul/,not-required,not-applicable,safe,approved,Substantive content carried into the destination page.
p645,34,list-item,preserved,S10,/case/biblical-language/body-and-soul/,not-required,not-applicable,safe,approved,Substantive content carried into the destination page.
p646,34,list-item,preserved,S10,/case/biblical-language/body-and-soul/,not-required,not-applicable,safe,approved,Substantive content carried into the destination page.
p647,34,list-item,preserved,S10,/case/biblical-language/body-and-soul/,not-required,not-applicable,safe,approved,Substantive content carried into the destination page.
p648,34,list-item,preserved,S10,/case/biblical-language/body-and-soul/,not-required,not-applicable,safe,approved,Substantive content carried into the destination page.
p649,34,list-item,preserved,S10,/case/biblical-language/body-and-soul/,not-required,not-applicable,safe,approved,Substantive content carried into the destination page.
p650,34,list-item,preserved,S10,/case/biblical-language/body-and-soul/,not-required,not-applicable,safe,approved,Substantive content carried into the destination page.
p651,34,list-item,preserved,S10,/case/biblical-language/body-and-soul/,not-required,not-applicable,safe,approved,Substantive content carried into the destination page.
p652,34,list-item,preserved,S10,/case/biblical-language/body-and-soul/,not-required,not-applicable,safe,approved,Substantive content carried into the destination page.
p653,34,list-item,preserved,S10,/case/biblical-language/body-and-soul/,not-required,not-applicable,safe,approved,Substantive content carried into the destination page.
p654,34,list-item,preserved,S10,/case/biblical-language/body-and-soul/,not-required,not-applicable,safe,approved,Substantive content carried into the destination page.
p655,34,list-item,preserved,S10,/case/biblical-language/body-and-soul/,not-required,not-applicable,safe,approved,Substantive content carried into the destination page.
p656,34,list-item,preserved,S10,/case/biblical-language/body-and-soul/,not-required,not-applicable,safe,approved,Substantive content carried into the destination page.
p657,34,scripture,preserved,S10,/case/biblical-language/body-and-soul/,not-required,public-domain,safe,approved,Scripture reference or quotation. Full displays render the public-domain World English Bible from the verified corpus rather than the copyrighted translation used in the source document.
p658,34,list-item,preserved,S10,/case/biblical-language/body-and-soul/,not-required,not-applicable,safe,approved,Substantive content carried into the destination page.
p659,34,heading,rewritten-for-clarity,S11,/case/biblical-language/contrasts-with-eternal-life/,not-required,not-applicable,safe,approved,"Section heading, restated as the page title in the registry."
p660,34,scripture,preserved,S11,/case/biblical-language/contrasts-with-eternal-life/,not-required,public-domain,safe,approved,Scripture reference or quotation. Full displays render the public-domain World English Bible from the verified corpus rather than the copyrighted translation used in the source document.
p661,34,scripture,preserved,S11,/case/biblical-language/contrasts-with-eternal-life/,not-required,public-domain,safe,approved,Scripture reference or quotation. Full displays render the public-domain World English Bible from the verified corpus rather than the copyrighted translation used in the source document.
p662,35,scripture,preserved,S11,/case/biblical-language/contrasts-with-eternal-life/,not-required,public-domain,safe,approved,Scripture reference or quotation. Full displays render the public-domain World English Bible from the verified corpus rather than the copyrighted translation used in the source document.
p663,35,scripture,preserved,S11,/case/biblical-language/contrasts-with-eternal-life/,not-required,public-domain,safe,approved,Scripture reference or quotation. Full displays render the public-domain World English Bible from the verified corpus rather than the copyrighted translation used in the source document.
p664,35,scripture,preserved,S11,/case/biblical-language/contrasts-with-eternal-life/,not-required,public-domain,safe,approved,Scripture reference or quotation. Full displays render the public-domain World English Bible from the verified corpus rather than the copyrighted translation used in the source document.
p665,35,scripture,preserved,S11,/case/biblical-language/contrasts-with-eternal-life/,not-required,public-domain,safe,approved,Scripture reference or quotation. Full displays render the public-domain World English Bible from the verified corpus rather than the copyrighted translation used in the source document.
p666,35,scripture,preserved,S11,/case/biblical-language/contrasts-with-eternal-life/,not-required,public-domain,safe,approved,Scripture reference or quotation. Full displays render the public-domain World English Bible from the verified corpus rather than the copyrighted translation used in the source document.
p667,35,scripture,preserved,S11,/case/biblical-language/contrasts-with-eternal-life/,not-required,public-domain,safe,approved,Scripture reference or quotation. Full displays render the public-domain World English Bible from the verified corpus rather than the copyrighted translation used in the source document.
p668,35,scripture,preserved,S11,/case/biblical-language/contrasts-with-eternal-life/,not-required,public-domain,safe,approved,Scripture reference or quotation. Full displays render the public-domain World English Bible from the verified corpus rather than the copyrighted translation used in the source document.
p669,35,scripture,preserved,S11,/case/biblical-language/contrasts-with-eternal-life/,not-required,public-domain,safe,approved,Scripture reference or quotation. Full displays render the public-domain World English Bible from the verified corpus rather than the copyrighted translation used in the source document.
p670,35,scripture,preserved,S11,/case/biblical-language/contrasts-with-eternal-life/,not-required,public-domain,safe,approved,Scripture reference or quotation. Full displays render the public-domain World English Bible from the verified corpus rather than the copyrighted translation used in the source document.
p671,35,list-item,preserved,S11,/case/biblical-language/contrasts-with-eternal-life/,not-required,not-applicable,safe,approved,Substantive content carried into the destination page.
p672,35,heading,rewritten-for-clarity,S12,/case/biblical-language/no-explicit-ect-text/,not-required,not-applicable,safe,approved,"Section heading, restated as the page title in the registry."
p673,35,list-item,preserved,S12,/case/biblical-language/no-explicit-ect-text/,not-required,not-applicable,safe,approved,Substantive content carried into the destination page.
p674,35,other,omitted-as-formatting-only,,,not-required,not-applicable,safe,approved,Empty paragraph used for spacing in the source document.
p675,35,heading,rewritten-for-clarity,S13,/case/biblical-patterns/fire-consumes/,not-required,not-applicable,safe,approved,"Section heading, restated as the page title in the registry."
p676,35,heading,rewritten-for-clarity,S13,/case/biblical-patterns/fire-consumes/,not-required,not-applicable,safe,approved,"Section heading, restated as the page title in the registry."
p677,35,scripture,preserved,S13,/case/biblical-patterns/fire-consumes/,not-required,public-domain,safe,approved,Scripture reference or quotation. Full displays render the public-domain World English Bible from the verified corpus rather than the copyrighted translation used in the source document.
p678,35,scripture,preserved,S13,/case/biblical-patterns/fire-consumes/,not-required,public-domain,safe,approved,Scripture reference or quotation. Full displays render the public-domain World English Bible from the verified corpus rather than the copyrighted translation used in the source document.
p679,35,list-item,preserved,S13,/case/biblical-patterns/fire-consumes/,not-required,not-applicable,safe,approved,Substantive content carried into the destination page.
p680,35,list-item,preserved,S13,/case/biblical-patterns/fire-consumes/,not-required,not-applicable,safe,approved,Substantive content carried into the destination page.
p681,36,scripture,preserved,S13,/case/biblical-patterns/fire-consumes/,not-required,public-domain,safe,approved,Scripture reference or quotation. Full displays render the public-domain World English Bible from the verified corpus rather than the copyrighted translation used in the source document.
p682,36,list-item,preserved,S13,/case/biblical-patterns/fire-consumes/,not-required,not-applicable,safe,approved,Substantive content carried into the destination page.
p683,36,list-item,preserved,S13,/case/biblical-patterns/fire-consumes/,not-required,not-applicable,safe,approved,Substantive content carried into the destination page.
p684,36,list-item,preserved,S13,/case/biblical-patterns/fire-consumes/,not-required,not-applicable,safe,approved,Substantive content carried into the destination page.
p685,36,scripture,preserved,S13,/case/biblical-patterns/fire-consumes/,not-required,public-domain,safe,approved,Scripture reference or quotation. Full displays render the public-domain World English Bible from the verified corpus rather than the copyrighted translation used in the source document.
p686,36,scripture,preserved,S13,/case/biblical-patterns/fire-consumes/,not-required,public-domain,safe,approved,Scripture reference or quotation. Full displays render the public-domain World English Bible from the verified corpus rather than the copyrighted translation used in the source document.
p687,36,list-item,preserved,S13,/case/biblical-patterns/fire-consumes/,not-required,not-applicable,safe,approved,Substantive content carried into the destination page.
p688,36,scripture,preserved,S13,/case/biblical-patterns/fire-consumes/,not-required,public-domain,safe,approved,Scripture reference or quotation. Full displays render the public-domain World English Bible from the verified corpus rather than the copyrighted translation used in the source document.
p689,36,scripture,preserved,S13,/case/biblical-patterns/fire-consumes/,not-required,public-domain,safe,approved,Scripture reference or quotation. Full displays render the public-domain World English Bible from the verified corpus rather than the copyrighted translation used in the source document.
p690,36,scripture,preserved,S13,/case/biblical-patterns/fire-consumes/,verified,public-domain,safe,approved,Scripture reference or quotation. Full displays render the public-domain World English Bible from the verified corpus rather than the copyrighted translation used in the source document.
p691,36,scripture,preserved,S13,/case/biblical-patterns/fire-consumes/,not-required,public-domain,safe,approved,Scripture reference or quotation. Full displays render the public-domain World English Bible from the verified corpus rather than the copyrighted translation used in the source document.
p692,36,other,omitted-as-formatting-only,,,not-required,not-applicable,safe,approved,Empty paragraph used for spacing in the source document.
p693,36,heading,rewritten-for-clarity,S14,/case/biblical-patterns/sodom-and-gomorrah/,not-required,not-applicable,safe,approved,"Section heading, restated as the page title in the registry."
p694,36,scripture,preserved,S14,/case/biblical-patterns/sodom-and-gomorrah/,not-required,public-domain,safe,approved,Scripture reference or quotation. Full displays render the public-domain World English Bible from the verified corpus rather than the copyrighted translation used in the source document.
p695,36,list-item,preserved,S14,/case/biblical-patterns/sodom-and-gomorrah/,not-required,not-applicable,safe,approved,Substantive content carried into the destination page.
p696,36,list-item,preserved,S14,/case/biblical-patterns/sodom-and-gomorrah/,not-required,not-applicable,safe,approved,Substantive content carried into the destination page.
p697,36,list-item,preserved,S14,/case/biblical-patterns/sodom-and-gomorrah/,not-required,not-applicable,safe,approved,Substantive content carried into the destination page.
p698,36,paragraph,preserved,S14,/case/biblical-patterns/sodom-and-gomorrah/,not-required,not-applicable,safe,approved,Substantive content carried into the destination page.
p699,36,list-item,preserved,S14,/case/biblical-patterns/sodom-and-gomorrah/,not-required,not-applicable,safe,approved,Substantive content carried into the destination page.
p700,37,list-item,preserved,S14,/case/biblical-patterns/sodom-and-gomorrah/,not-required,not-applicable,safe,approved,Substantive content carried into the destination page.
p701,37,list-item,preserved,S14,/case/biblical-patterns/sodom-and-gomorrah/,not-required,not-applicable,safe,approved,Substantive content carried into the destination page.
p702,37,list-item,preserved,S14,/case/biblical-patterns/sodom-and-gomorrah/,not-required,not-applicable,safe,approved,Substantive content carried into the destination page.
p703,37,list-item,preserved,S14,/case/biblical-patterns/sodom-and-gomorrah/,not-required,not-applicable,safe,approved,Substantive content carried into the destination page.
p704,37,list-item,preserved,S14,/case/biblical-patterns/sodom-and-gomorrah/,not-required,not-applicable,safe,approved,Substantive content carried into the destination page.
p705,37,list-item,preserved,S14,/case/biblical-patterns/sodom-and-gomorrah/,not-required,not-applicable,safe,approved,Substantive content carried into the destination page.
p706,37,list-item,preserved,S14,/case/biblical-patterns/sodom-and-gomorrah/,not-required,not-applicable,safe,approved,Substantive content carried into the destination page.
p707,37,list-item,preserved,S14,/case/biblical-patterns/sodom-and-gomorrah/,not-required,not-applicable,safe,approved,Substantive content carried into the destination page.
p708,37,list-item,preserved,S14,/case/biblical-patterns/sodom-and-gomorrah/,not-required,not-applicable,safe,approved,Substantive content carried into the destination page.
p709,37,list-item,preserved,S14,/case/biblical-patterns/sodom-and-gomorrah/,not-required,not-applicable,safe,approved,Substantive content carried into the destination page.
p710,37,list-item,preserved,S14,/case/biblical-patterns/sodom-and-gomorrah/,not-required,not-applicable,safe,approved,Substantive content carried into the destination page.
p711,37,scripture,preserved,S14,/case/biblical-patterns/sodom-and-gomorrah/,not-required,public-domain,safe,approved,Scripture reference or quotation. Full displays render the public-domain World English Bible from the verified corpus rather than the copyrighted translation used in the source document.
p712,37,list-item,preserved,S14,/case/biblical-patterns/sodom-and-gomorrah/,not-required,not-applicable,safe,approved,Substantive content carried into the destination page.
p713,37,list-item,preserved,S14,/case/biblical-patterns/sodom-and-gomorrah/,not-required,not-applicable,safe,approved,Substantive content carried into the destination page.
p714,37,list-item,preserved,S14,/case/biblical-patterns/sodom-and-gomorrah/,not-required,not-applicable,safe,approved,Substantive content carried into the destination page.
p715,37,list-item,preserved,S14,/case/biblical-patterns/sodom-and-gomorrah/,not-required,not-applicable,safe,approved,Substantive content carried into the destination page.
p716,37,scripture,preserved,S14,/case/biblical-patterns/sodom-and-gomorrah/,not-required,public-domain,safe,approved,Scripture reference or quotation. Full displays render the public-domain World English Bible from the verified corpus rather than the copyrighted translation used in the source document.
p717,37,scripture,preserved,S14,/case/biblical-patterns/sodom-and-gomorrah/,not-required,public-domain,safe,approved,Scripture reference or quotation. Full displays render the public-domain World English Bible from the verified corpus rather than the copyrighted translation used in the source document.
p718,37,list-item,preserved,S14,/case/biblical-patterns/sodom-and-gomorrah/,not-required,not-applicable,safe,approved,Substantive content carried into the destination page.
p719,38,heading,rewritten-for-clarity,S15,/case/biblical-patterns/old-testament-judgment/,not-required,not-applicable,safe,approved,"Section heading, restated as the page title in the registry."
p720,38,paragraph,preserved,S15,/case/biblical-patterns/old-testament-judgment/,not-required,not-applicable,safe,approved,Substantive content carried into the destination page.
p721,38,list-item,preserved,S15,/case/biblical-patterns/old-testament-judgment/,not-required,not-applicable,safe,approved,Substantive content carried into the destination page.
p722,38,list-item,preserved,S15,/case/biblical-patterns/old-testament-judgment/,not-required,not-applicable,safe,approved,Substantive content carried into the destination page.
p723,38,list-item,preserved,S15,/case/biblical-patterns/old-testament-judgment/,not-required,not-applicable,safe,approved,Substantive content carried into the destination page.
p724,38,scripture,preserved,S15,/case/biblical-patterns/old-testament-judgment/,not-required,public-domain,safe,approved,Scripture reference or quotation. Full displays render the public-domain World English Bible from the verified corpus rather than the copyrighted translation used in the source document.
p725,38,scripture,preserved,S15,/case/biblical-patterns/old-testament-judgment/,not-required,public-domain,safe,approved,Scripture reference or quotation. Full displays render the public-domain World English Bible from the verified corpus rather than the copyrighted translation used in the source document.
p726,38,list-item,preserved,S15,/case/biblical-patterns/old-testament-judgment/,not-required,not-applicable,safe,approved,Substantive content carried into the destination page.
p727,38,scripture,preserved,S15,/case/biblical-patterns/old-testament-judgment/,not-required,public-domain,safe,approved,Scripture reference or quotation. Full displays render the public-domain World English Bible from the verified corpus rather than the copyrighted translation used in the source document.
p728,38,scripture,preserved,S15,/case/biblical-patterns/old-testament-judgment/,not-required,public-domain,safe,approved,Scripture reference or quotation. Full displays render the public-domain World English Bible from the verified corpus rather than the copyrighted translation used in the source document.
p729,38,scripture,preserved,S15,/case/biblical-patterns/old-testament-judgment/,not-required,public-domain,safe,approved,Scripture reference or quotation. Full displays render the public-domain World English Bible from the verified corpus rather than the copyrighted translation used in the source document.
p730,38,scripture,preserved,S15,/case/biblical-patterns/old-testament-judgment/,not-required,public-domain,safe,approved,Scripture reference or quotation. Full displays render the public-domain World English Bible from the verified corpus rather than the copyrighted translation used in the source document.
p731,38,list-item,preserved,S15,/case/biblical-patterns/old-testament-judgment/,not-required,not-applicable,safe,approved,Substantive content carried into the destination page.
p732,38,list-item,preserved,S15,/case/biblical-patterns/old-testament-judgment/,not-required,not-applicable,safe,approved,Substantive content carried into the destination page.
p733,38,scripture,preserved,S15,/case/biblical-patterns/old-testament-judgment/,not-required,public-domain,safe,approved,Scripture reference or quotation. Full displays render the public-domain World English Bible from the verified corpus rather than the copyrighted translation used in the source document.
p734,38,list-item,preserved,S15,/case/biblical-patterns/old-testament-judgment/,not-required,not-applicable,safe,approved,Substantive content carried into the destination page.
p735,38,list-item,preserved,S15,/case/biblical-patterns/old-testament-judgment/,not-required,not-applicable,safe,approved,Substantive content carried into the destination page.
p736,38,other,omitted-as-formatting-only,,,not-required,not-applicable,safe,approved,Empty paragraph used for spacing in the source document.
p737,38,heading,rewritten-for-clarity,S16,/case/biblical-patterns/sacrificial-system/,not-required,not-applicable,safe,approved,"Section heading, restated as the page title in the registry."
p738,38,scripture,preserved,S16,/case/biblical-patterns/sacrificial-system/,not-required,public-domain,safe,approved,Scripture reference or quotation. Full displays render the public-domain World English Bible from the verified corpus rather than the copyrighted translation used in the source document.
p739,39,scripture,preserved,S16,/case/biblical-patterns/sacrificial-system/,not-required,public-domain,safe,approved,Scripture reference or quotation. Full displays render the public-domain World English Bible from the verified corpus rather than the copyrighted translation used in the source document.
p740,39,list-item,preserved,S16,/case/biblical-patterns/sacrificial-system/,not-required,not-applicable,safe,approved,Substantive content carried into the destination page.
p741,39,heading,rewritten-for-clarity,S17,/case/biblical-patterns/jesus-death/,not-required,not-applicable,safe,approved,"Section heading, restated as the page title in the registry."
p742,39,paragraph,preserved,S17,/case/biblical-patterns/jesus-death/,not-required,not-applicable,safe,approved,Substantive content carried into the destination page.
p743,39,list-item,preserved,S17,/case/biblical-patterns/jesus-death/,not-required,not-applicable,safe,approved,Substantive content carried into the destination page.
p744,39,list-item,preserved,S17,/case/biblical-patterns/jesus-death/,not-required,not-applicable,safe,approved,Substantive content carried into the destination page.
p745,39,list-item,preserved,S17,/case/biblical-patterns/jesus-death/,not-required,not-applicable,safe,approved,Substantive content carried into the destination page.
p746,39,list-item,preserved,S17,/case/biblical-patterns/jesus-death/,not-required,not-applicable,safe,approved,Substantive content carried into the destination page.
p747,39,scripture,preserved,S17,/case/biblical-patterns/jesus-death/,not-required,public-domain,safe,approved,Scripture reference or quotation. Full displays render the public-domain World English Bible from the verified corpus rather than the copyrighted translation used in the source document.
p748,39,scripture,preserved,S17,/case/biblical-patterns/jesus-death/,not-required,public-domain,safe,approved,Scripture reference or quotation. Full displays render the public-domain World English Bible from the verified corpus rather than the copyrighted translation used in the source document.
p749,39,paragraph,preserved,S17,/case/biblical-patterns/jesus-death/,not-required,not-applicable,safe,approved,Substantive content carried into the destination page.
p750,39,list-item,preserved,S17,/case/biblical-patterns/jesus-death/,not-required,not-applicable,safe,approved,Substantive content carried into the destination page.
p751,39,list-item,preserved,S17,/case/biblical-patterns/jesus-death/,not-required,not-applicable,safe,approved,Substantive content carried into the destination page.
p752,39,list-item,preserved,S17,/case/biblical-patterns/jesus-death/,not-required,not-applicable,safe,approved,Substantive content carried into the destination page.
p753,39,list-item,preserved,S17,/case/biblical-patterns/jesus-death/,not-required,not-applicable,safe,approved,Substantive content carried into the destination page.
p754,39,list-item,preserved,S17,/case/biblical-patterns/jesus-death/,not-required,not-applicable,safe,approved,Substantive content carried into the destination page.
p755,39,list-item,preserved,S17,/case/biblical-patterns/jesus-death/,not-required,not-applicable,safe,approved,Substantive content carried into the destination page.
p756,39,list-item,preserved,S17,/case/biblical-patterns/jesus-death/,not-required,not-applicable,safe,approved,Substantive content carried into the destination page.
p757,39,list-item,preserved,S17,/case/biblical-patterns/jesus-death/,not-required,not-applicable,safe,approved,Substantive content carried into the destination page.
p758,40,list-item,preserved,S17,/case/biblical-patterns/jesus-death/,not-required,not-applicable,safe,approved,Substantive content carried into the destination page.
p759,40,list-item,preserved,S17,/case/biblical-patterns/jesus-death/,not-required,not-applicable,safe,approved,Substantive content carried into the destination page.
p760,40,scripture,preserved,S17,/case/biblical-patterns/jesus-death/,not-required,public-domain,safe,approved,Scripture reference or quotation. Full displays render the public-domain World English Bible from the verified corpus rather than the copyrighted translation used in the source document.
p761,40,list-item,preserved,S17,/case/biblical-patterns/jesus-death/,not-required,not-applicable,safe,approved,Substantive content carried into the destination page.
p762,40,list-item,preserved,S17,/case/biblical-patterns/jesus-death/,not-required,not-applicable,safe,approved,Substantive content carried into the destination page.
p763,40,list-item,preserved,S17,/case/biblical-patterns/jesus-death/,not-required,not-applicable,safe,approved,Substantive content carried into the destination page.
p764,40,paragraph,preserved,S17,/case/biblical-patterns/jesus-death/,not-required,not-applicable,safe,approved,Substantive content carried into the destination page.
p765,40,other,omitted-as-formatting-only,,,not-required,not-applicable,safe,approved,Empty paragraph used for spacing in the source document.
p766,40,heading,rewritten-for-clarity,S18,/case/biblical-patterns/physical-and-final-death/,not-required,not-applicable,safe,approved,"Section heading, restated as the page title in the registry."
p767,40,list-item,preserved,S18,/case/biblical-patterns/physical-and-final-death/,not-required,not-applicable,safe,approved,Substantive content carried into the destination page.
p768,40,scripture,preserved,S18,/case/biblical-patterns/physical-and-final-death/,not-required,public-domain,safe,approved,Scripture reference or quotation. Full displays render the public-domain World English Bible from the verified corpus rather than the copyrighted translation used in the source document.
p769,40,scripture,preserved,S18,/case/biblical-patterns/physical-and-final-death/,not-required,public-domain,safe,approved,Scripture reference or quotation. Full displays render the public-domain World English Bible from the verified corpus rather than the copyrighted translation used in the source document.
p770,40,heading,rewritten-for-clarity,S19,/case/final-destiny/not-opposites/,not-required,not-applicable,safe,approved,"Section heading, restated as the page title in the registry."
p771,40,heading,rewritten-for-clarity,S19,/case/final-destiny/not-opposites/,not-required,not-applicable,safe,approved,"Section heading, restated as the page title in the registry."
p772,40,scripture,preserved,S19,/case/final-destiny/not-opposites/,not-required,public-domain,safe,approved,Scripture reference or quotation. Full displays render the public-domain World English Bible from the verified corpus rather than the copyrighted translation used in the source document.
p773,40,list-item,preserved,S19,/case/final-destiny/not-opposites/,not-required,not-applicable,safe,approved,Substantive content carried into the destination page.
p774,40,list-item,preserved,S19,/case/final-destiny/not-opposites/,not-required,not-applicable,safe,approved,Substantive content carried into the destination page.
p775,40,list-item,preserved,S19,/case/final-destiny/not-opposites/,not-required,not-applicable,safe,approved,Substantive content carried into the destination page.
p776,40,scripture,preserved,S19,/case/final-destiny/not-opposites/,not-required,public-domain,safe,approved,Scripture reference or quotation. Full displays render the public-domain World English Bible from the verified corpus rather than the copyrighted translation used in the source document.
p777,41,list-item,preserved,S19,/case/final-destiny/not-opposites/,not-required,not-applicable,safe,approved,Substantive content carried into the destination page.
p778,41,heading,rewritten-for-clarity,S20,/case/final-destiny/no-place-prepared/,not-required,not-applicable,safe,approved,"Section heading, restated as the page title in the registry."
p779,41,scripture,preserved,S20,/case/final-destiny/no-place-prepared/,not-required,public-domain,safe,approved,Scripture reference or quotation. Full displays render the public-domain World English Bible from the verified corpus rather than the copyrighted translation used in the source document.
p780,41,list-item,preserved,S20,/case/final-destiny/no-place-prepared/,not-required,not-applicable,safe,approved,Substantive content carried into the destination page.
p781,41,list-item,preserved,S20,/case/final-destiny/no-place-prepared/,not-required,not-applicable,safe,approved,Substantive content carried into the destination page.
p782,41,list-item,preserved,S20,/case/final-destiny/no-place-prepared/,not-required,not-applicable,safe,approved,Substantive content carried into the destination page.
p783,41,list-item,preserved,S20,/case/final-destiny/no-place-prepared/,not-required,not-applicable,safe,approved,Substantive content carried into the destination page.
p784,41,list-item,preserved,S20,/case/final-destiny/no-place-prepared/,not-required,not-applicable,safe,approved,Substantive content carried into the destination page.
p785,41,other,omitted-as-formatting-only,,,not-required,not-applicable,safe,approved,Empty paragraph used for spacing in the source document.
p786,41,heading,rewritten-for-clarity,S21,/case/final-destiny/tree-of-life/,not-required,not-applicable,safe,approved,"Section heading, restated as the page title in the registry."
p787,41,scripture,preserved,S21,/case/final-destiny/tree-of-life/,not-required,public-domain,safe,approved,Scripture reference or quotation. Full displays render the public-domain World English Bible from the verified corpus rather than the copyrighted translation used in the source document.
p788,41,list-item,preserved,S21,/case/final-destiny/tree-of-life/,not-required,not-applicable,safe,approved,Substantive content carried into the destination page.
p789,41,list-item,preserved,S21,/case/final-destiny/tree-of-life/,not-required,not-applicable,safe,approved,Substantive content carried into the destination page.
p790,41,list-item,preserved,S21,/case/final-destiny/tree-of-life/,not-required,not-applicable,safe,approved,Substantive content carried into the destination page.
p791,41,list-item,preserved,S21,/case/final-destiny/tree-of-life/,not-required,not-applicable,safe,approved,Substantive content carried into the destination page.
p792,41,scripture,preserved,S21,/case/final-destiny/tree-of-life/,not-required,public-domain,safe,approved,Scripture reference or quotation. Full displays render the public-domain World English Bible from the verified corpus rather than the copyrighted translation used in the source document.
p793,41,list-item,preserved,S21,/case/final-destiny/tree-of-life/,not-required,not-applicable,safe,approved,Substantive content carried into the destination page.
p794,41,list-item,preserved,S21,/case/final-destiny/tree-of-life/,not-required,not-applicable,safe,approved,Substantive content carried into the destination page.
p795,41,list-item,preserved,S21,/case/final-destiny/tree-of-life/,not-required,not-applicable,safe,approved,Substantive content carried into the destination page.
p796,42,heading,rewritten-for-clarity,S22,/case/final-destiny/conditional-immortality/,not-required,not-applicable,safe,approved,"Section heading, restated as the page title in the registry."
p797,42,list-item,preserved,S22,/case/final-destiny/conditional-immortality/,not-required,not-applicable,safe,approved,Substantive content carried into the destination page.
p798,42,list-item,preserved,S22,/case/final-destiny/conditional-immortality/,not-required,not-applicable,safe,approved,Substantive content carried into the destination page.
p799,42,list-item,preserved,S22,/case/final-destiny/conditional-immortality/,not-required,not-applicable,safe,approved,Substantive content carried into the destination page.
p800,42,scripture,preserved,S22,/case/final-destiny/conditional-immortality/,not-required,public-domain,safe,approved,Scripture reference or quotation. Full displays render the public-domain World English Bible from the verified corpus rather than the copyrighted translation used in the source document.
p801,42,scripture,preserved,S22,/case/final-destiny/conditional-immortality/,not-required,public-domain,safe,approved,Scripture reference or quotation. Full displays render the public-domain World English Bible from the verified corpus rather than the copyrighted translation used in the source document.
p802,42,scripture,preserved,S22,/case/final-destiny/conditional-immortality/,not-required,public-domain,safe,approved,Scripture reference or quotation. Full displays render the public-domain World English Bible from the verified corpus rather than the copyrighted translation used in the source document.
p803,42,list-item,preserved,S22,/case/final-destiny/conditional-immortality/,not-required,not-applicable,safe,approved,Substantive content carried into the destination page.
p804,42,list-item,preserved,S22,/case/final-destiny/conditional-immortality/,not-required,not-applicable,safe,approved,Substantive content carried into the destination page.
p805,42,list-item,preserved,S22,/case/final-destiny/conditional-immortality/,not-required,not-applicable,safe,approved,Substantive content carried into the destination page.
p806,42,scripture,preserved,S22,/case/final-destiny/conditional-immortality/,not-required,public-domain,safe,approved,Scripture reference or quotation. Full displays render the public-domain World English Bible from the verified corpus rather than the copyrighted translation used in the source document.
p807,42,list-item,preserved,S22,/case/final-destiny/conditional-immortality/,not-required,not-applicable,safe,approved,Substantive content carried into the destination page.
p808,42,list-item,preserved,S22,/case/final-destiny/conditional-immortality/,not-required,not-applicable,safe,approved,Substantive content carried into the destination page.
p809,42,scripture,preserved,S22,/case/final-destiny/conditional-immortality/,not-required,public-domain,safe,approved,Scripture reference or quotation. Full displays render the public-domain World English Bible from the verified corpus rather than the copyrighted translation used in the source document.
p810,42,list-item,preserved,S22,/case/final-destiny/conditional-immortality/,not-required,not-applicable,safe,approved,Substantive content carried into the destination page.
p811,42,list-item,preserved,S22,/case/final-destiny/conditional-immortality/,not-required,not-applicable,safe,approved,Substantive content carried into the destination page.
p812,42,list-item,preserved,S22,/case/final-destiny/conditional-immortality/,not-required,not-applicable,safe,approved,Substantive content carried into the destination page.
p813,42,list-item,preserved,S22,/case/final-destiny/conditional-immortality/,not-required,not-applicable,safe,approved,Substantive content carried into the destination page.
p814,42,other,omitted-as-formatting-only,,,not-required,not-applicable,safe,approved,Empty paragraph used for spacing in the source document.
p815,43,heading,rewritten-for-clarity,S23,/case/further-reasoning/day-of-judgment/,not-required,not-applicable,safe,approved,"Section heading, restated as the page title in the registry."
p816,43,heading,rewritten-for-clarity,S23,/case/further-reasoning/day-of-judgment/,not-required,not-applicable,safe,approved,"Section heading, restated as the page title in the registry."
p817,43,list-item,preserved,S23,/case/further-reasoning/day-of-judgment/,not-required,not-applicable,safe,approved,Substantive content carried into the destination page.
p818,43,scripture,preserved,S23,/case/further-reasoning/day-of-judgment/,not-required,public-domain,safe,approved,Scripture reference or quotation. Full displays render the public-domain World English Bible from the verified corpus rather than the copyrighted translation used in the source document.
p819,43,scripture,preserved,S23,/case/further-reasoning/day-of-judgment/,not-required,public-domain,safe,approved,Scripture reference or quotation. Full displays render the public-domain World English Bible from the verified corpus rather than the copyrighted translation used in the source document.
p820,43,scripture,preserved,S23,/case/further-reasoning/day-of-judgment/,not-required,public-domain,safe,approved,Scripture reference or quotation. Full displays render the public-domain World English Bible from the verified corpus rather than the copyrighted translation used in the source document.
p821,43,scripture,preserved,S23,/case/further-reasoning/day-of-judgment/,not-required,public-domain,safe,approved,Scripture reference or quotation. Full displays render the public-domain World English Bible from the verified corpus rather than the copyrighted translation used in the source document.
p822,43,scripture,preserved,S23,/case/further-reasoning/day-of-judgment/,not-required,public-domain,safe,approved,Scripture reference or quotation. Full displays render the public-domain World English Bible from the verified corpus rather than the copyrighted translation used in the source document.
p823,43,list-item,preserved,S23,/case/further-reasoning/day-of-judgment/,not-required,not-applicable,safe,approved,Substantive content carried into the destination page.
p824,43,list-item,preserved,S23,/case/further-reasoning/day-of-judgment/,not-required,not-applicable,safe,approved,Substantive content carried into the destination page.
p825,43,list-item,preserved,S23,/case/further-reasoning/day-of-judgment/,not-required,not-applicable,safe,approved,Substantive content carried into the destination page.
p826,43,list-item,preserved,S23,/case/further-reasoning/day-of-judgment/,not-required,not-applicable,safe,approved,Substantive content carried into the destination page.
p827,43,list-item,preserved,S23,/case/further-reasoning/day-of-judgment/,not-required,not-applicable,safe,approved,Substantive content carried into the destination page.
p828,43,list-item,preserved,S23,/case/further-reasoning/day-of-judgment/,not-required,not-applicable,safe,approved,Substantive content carried into the destination page.
p829,43,list-item,preserved,S23,/case/further-reasoning/day-of-judgment/,not-required,not-applicable,safe,approved,Substantive content carried into the destination page.
p830,43,list-item,preserved,S23,/case/further-reasoning/day-of-judgment/,not-required,not-applicable,safe,approved,Substantive content carried into the destination page.
p831,43,list-item,preserved,S23,/case/further-reasoning/day-of-judgment/,not-required,not-applicable,safe,approved,Substantive content carried into the destination page.
p832,43,list-item,preserved,S23,/case/further-reasoning/day-of-judgment/,not-required,not-applicable,safe,approved,Substantive content carried into the destination page.
p833,43,list-item,preserved,S23,/case/further-reasoning/day-of-judgment/,not-required,not-applicable,safe,approved,Substantive content carried into the destination page.
p834,43,list-item,preserved,S23,/case/further-reasoning/day-of-judgment/,not-required,not-applicable,safe,approved,Substantive content carried into the destination page.
p835,44,list-item,preserved,S23,/case/further-reasoning/day-of-judgment/,not-required,not-applicable,safe,approved,Substantive content carried into the destination page.
p836,44,list-item,preserved,S23,/case/further-reasoning/day-of-judgment/,not-required,not-applicable,safe,approved,Substantive content carried into the destination page.
p837,44,list-item,preserved,S23,/case/further-reasoning/day-of-judgment/,not-required,not-applicable,safe,approved,Substantive content carried into the destination page.
p838,44,list-item,preserved,S23,/case/further-reasoning/day-of-judgment/,not-required,not-applicable,safe,approved,Substantive content carried into the destination page.
p839,44,list-item,preserved,S23,/case/further-reasoning/day-of-judgment/,not-required,not-applicable,safe,approved,Substantive content carried into the destination page.
p840,44,heading,rewritten-for-clarity,S24,/case/further-reasoning/no-more-pain/,not-required,not-applicable,safe,approved,"Section heading, restated as the page title in the registry."
p841,44,scripture,preserved,S24,/case/further-reasoning/no-more-pain/,not-required,public-domain,safe,approved,Scripture reference or quotation. Full displays render the public-domain World English Bible from the verified corpus rather than the copyrighted translation used in the source document.
p842,44,list-item,preserved,S24,/case/further-reasoning/no-more-pain/,not-required,not-applicable,safe,approved,Substantive content carried into the destination page.
p843,44,list-item,preserved,S24,/case/further-reasoning/no-more-pain/,not-required,not-applicable,safe,approved,Substantive content carried into the destination page.
p844,44,list-item,preserved,S24,/case/further-reasoning/no-more-pain/,not-required,not-applicable,safe,approved,Substantive content carried into the destination page.
p845,44,scripture,preserved,S24,/case/further-reasoning/no-more-pain/,not-required,public-domain,safe,approved,Scripture reference or quotation. Full displays render the public-domain World English Bible from the verified corpus rather than the copyrighted translation used in the source document.
p846,44,heading,rewritten-for-clarity,S25,/case/further-reasoning/all-in-all/,not-required,not-applicable,safe,approved,"Section heading, restated as the page title in the registry."
p847,44,list-item,preserved,S25,/case/further-reasoning/all-in-all/,not-required,not-applicable,safe,approved,Substantive content carried into the destination page.
p848,44,scripture,preserved,S25,/case/further-reasoning/all-in-all/,not-required,public-domain,safe,approved,Scripture reference or quotation. Full displays render the public-domain World English Bible from the verified corpus rather than the copyrighted translation used in the source document.
p849,44,list-item,preserved,S25,/case/further-reasoning/all-in-all/,not-required,not-applicable,safe,approved,Substantive content carried into the destination page.
p850,44,scripture,preserved,S25,/case/further-reasoning/all-in-all/,not-required,public-domain,safe,approved,Scripture reference or quotation. Full displays render the public-domain World English Bible from the verified corpus rather than the copyrighted translation used in the source document.
p851,44,list-item,preserved,S25,/case/further-reasoning/all-in-all/,not-required,not-applicable,safe,approved,Substantive content carried into the destination page.
p852,44,scripture,preserved,S25,/case/further-reasoning/all-in-all/,not-required,public-domain,safe,approved,Scripture reference or quotation. Full displays render the public-domain World English Bible from the verified corpus rather than the copyrighted translation used in the source document.
p853,44,list-item,preserved,S25,/case/further-reasoning/all-in-all/,not-required,not-applicable,safe,approved,Substantive content carried into the destination page.
p854,45,scripture,preserved,S25,/case/further-reasoning/all-in-all/,not-required,public-domain,safe,approved,Scripture reference or quotation. Full displays render the public-domain World English Bible from the verified corpus rather than the copyrighted translation used in the source document.
p855,45,list-item,preserved,S25,/case/further-reasoning/all-in-all/,not-required,not-applicable,safe,approved,Substantive content carried into the destination page.
p856,45,list-item,preserved,S25,/case/further-reasoning/all-in-all/,not-required,not-applicable,safe,approved,Substantive content carried into the destination page.
p857,45,scripture,preserved,S25,/case/further-reasoning/all-in-all/,not-required,public-domain,safe,approved,Scripture reference or quotation. Full displays render the public-domain World English Bible from the verified corpus rather than the copyrighted translation used in the source document.
p858,45,list-item,preserved,S25,/case/further-reasoning/all-in-all/,not-required,not-applicable,safe,approved,Substantive content carried into the destination page.
p859,45,scripture,preserved,S25,/case/further-reasoning/all-in-all/,not-required,public-domain,safe,approved,Scripture reference or quotation. Full displays render the public-domain World English Bible from the verified corpus rather than the copyrighted translation used in the source document.
p860,45,list-item,preserved,S25,/case/further-reasoning/all-in-all/,not-required,not-applicable,safe,approved,Substantive content carried into the destination page.
p861,45,other,omitted-as-formatting-only,,,not-required,not-applicable,safe,approved,Empty paragraph used for spacing in the source document.
p862,45,heading,rewritten-for-clarity,S26,/case/further-reasoning/suffering-does-not-pay/,not-required,not-applicable,safe,approved,"Section heading, restated as the page title in the registry."
p863,45,list-item,preserved,S26,/case/further-reasoning/suffering-does-not-pay/,not-required,not-applicable,safe,approved,Substantive content carried into the destination page.
p864,45,scripture,preserved,S26,/case/further-reasoning/suffering-does-not-pay/,not-required,public-domain,safe,approved,Scripture reference or quotation. Full displays render the public-domain World English Bible from the verified corpus rather than the copyrighted translation used in the source document.
p865,45,other,omitted-as-formatting-only,,,not-required,not-applicable,safe,approved,Empty paragraph used for spacing in the source document.
p866,45,heading,rewritten-for-clarity,S27,/case/further-reasoning/better-not-born/,not-required,not-applicable,safe,approved,"Section heading, restated as the page title in the registry."
p867,45,scripture,preserved,S27,/case/further-reasoning/better-not-born/,not-required,public-domain,safe,approved,Scripture reference or quotation. Full displays render the public-domain World English Bible from the verified corpus rather than the copyrighted translation used in the source document.
p868,45,list-item,preserved,S27,/case/further-reasoning/better-not-born/,not-required,not-applicable,safe,approved,Substantive content carried into the destination page.
p869,45,list-item,preserved,S27,/case/further-reasoning/better-not-born/,not-required,not-applicable,safe,approved,Substantive content carried into the destination page.
p870,45,list-item,preserved,S27,/case/further-reasoning/better-not-born/,not-required,not-applicable,safe,approved,Substantive content carried into the destination page.
p871,45,other,omitted-as-formatting-only,,,not-required,not-applicable,safe,approved,Empty paragraph used for spacing in the source document.
p872,45,heading,rewritten-for-clarity,S28,/objections/revelation-after-20-15/,not-required,not-applicable,safe,approved,"Section heading, restated as the page title in the registry."
p873,46,scripture,rewritten-for-clarity,S28,/objections/revelation-after-20-15/,not-required,public-domain,safe,approved,Scripture reference or quotation. Full displays render the public-domain World English Bible from the verified corpus rather than the copyrighted translation used in the source document.
p874,46,scripture,preserved,S28,/objections/revelation-after-20-15/,not-required,public-domain,safe,approved,Scripture reference or quotation. Full displays render the public-domain World English Bible from the verified corpus rather than the copyrighted translation used in the source document.
p875,46,scripture,preserved,S28,/objections/revelation-after-20-15/,not-required,public-domain,safe,approved,Scripture reference or quotation. Full displays render the public-domain World English Bible from the verified corpus rather than the copyrighted translation used in the source document.
p876,46,scripture,preserved,S28,/objections/revelation-after-20-15/,not-required,public-domain,safe,approved,Scripture reference or quotation. Full displays render the public-domain World English Bible from the verified corpus rather than the copyrighted translation used in the source document.
p877,46,scripture,preserved,S28,/objections/revelation-after-20-15/,not-required,public-domain,safe,approved,Scripture reference or quotation. Full displays render the public-domain World English Bible from the verified corpus rather than the copyrighted translation used in the source document.
p878,46,list-item,preserved,S28,/objections/revelation-after-20-15/,not-required,not-applicable,safe,approved,Substantive content carried into the destination page.
p879,46,list-item,preserved,S28,/objections/revelation-after-20-15/,not-required,not-applicable,safe,approved,Substantive content carried into the destination page.
p880,46,scripture,preserved,S28,/objections/revelation-after-20-15/,not-required,public-domain,safe,approved,Scripture reference or quotation. Full displays render the public-domain World English Bible from the verified corpus rather than the copyrighted translation used in the source document.
p881,46,scripture,preserved,S28,/objections/revelation-after-20-15/,not-required,public-domain,safe,approved,Scripture reference or quotation. Full displays render the public-domain World English Bible from the verified corpus rather than the copyrighted translation used in the source document.
p882,46,heading,rewritten-for-clarity,S29,/objections/evangelism/,not-required,not-applicable,safe,approved,"Section heading, restated as the page title in the registry."
p883,46,list-item,preserved,S29,/objections/evangelism/,not-required,not-applicable,safe,approved,Substantive content carried into the destination page.
p884,46,list-item,preserved,S29,/objections/evangelism/,not-required,not-applicable,safe,approved,Substantive content carried into the destination page.
p885,46,list-item,preserved,S29,/objections/evangelism/,not-required,not-applicable,safe,approved,Substantive content carried into the destination page.
p886,46,list-item,preserved,S29,/objections/evangelism/,not-required,not-applicable,safe,approved,Substantive content carried into the destination page.
p887,46,list-item,preserved,S29,/objections/evangelism/,not-required,not-applicable,safe,approved,Substantive content carried into the destination page.
p888,46,list-item,preserved,S29,/objections/evangelism/,not-required,not-applicable,safe,approved,Substantive content carried into the destination page.
p889,46,list-item,preserved,S29,/objections/evangelism/,not-required,not-applicable,safe,approved,Substantive content carried into the destination page.
p890,46,scripture,preserved,S29,/objections/evangelism/,not-required,public-domain,safe,approved,Scripture reference or quotation. Full displays render the public-domain World English Bible from the verified corpus rather than the copyrighted translation used in the source document.
p891,46,scripture,preserved,S29,/objections/evangelism/,not-required,public-domain,safe,approved,Scripture reference or quotation. Full displays render the public-domain World English Bible from the verified corpus rather than the copyrighted translation used in the source document.
p892,47,scripture,preserved,S29,/objections/evangelism/,not-required,public-domain,safe,approved,Scripture reference or quotation. Full displays render the public-domain World English Bible from the verified corpus rather than the copyrighted translation used in the source document.
p893,47,scripture,preserved,S29,/objections/evangelism/,not-required,public-domain,safe,approved,Scripture reference or quotation. Full displays render the public-domain World English Bible from the verified corpus rather than the copyrighted translation used in the source document.
p894,47,other,omitted-as-formatting-only,,,not-required,not-applicable,safe,approved,Empty paragraph used for spacing in the source document.
p895,47,heading,rewritten-for-clarity,S30,/objections/is-annihilation-punishment/,not-required,not-applicable,safe,approved,"Section heading, restated as the page title in the registry."
p896,47,list-item,preserved,S30,/objections/is-annihilation-punishment/,not-required,not-applicable,safe,approved,Substantive content carried into the destination page.
p897,47,paragraph,preserved,S30,/objections/is-annihilation-punishment/,not-required,not-applicable,safe,approved,Substantive content carried into the destination page.
p898,47,list-item,preserved,S30,/objections/is-annihilation-punishment/,not-required,not-applicable,safe,approved,Substantive content carried into the destination page.
p899,47,list-item,preserved,S30,/objections/is-annihilation-punishment/,not-required,not-applicable,safe,approved,Substantive content carried into the destination page.
p900,47,list-item,preserved,S30,/objections/is-annihilation-punishment/,not-required,not-applicable,safe,approved,Substantive content carried into the destination page.
p901,47,scripture,preserved,S30,/objections/is-annihilation-punishment/,not-required,public-domain,safe,approved,Scripture reference or quotation. Full displays render the public-domain World English Bible from the verified corpus rather than the copyrighted translation used in the source document.
p902,47,paragraph,preserved,S30,/objections/is-annihilation-punishment/,not-required,not-applicable,safe,approved,Substantive content carried into the destination page.
p903,47,list-item,preserved,S30,/objections/is-annihilation-punishment/,not-required,not-applicable,safe,approved,Substantive content carried into the destination page.
p904,47,list-item,preserved,S30,/objections/is-annihilation-punishment/,not-required,not-applicable,safe,approved,Substantive content carried into the destination page.
p905,47,list-item,preserved,S30,/objections/is-annihilation-punishment/,not-required,not-applicable,safe,approved,Substantive content carried into the destination page.
p906,47,other,omitted-as-formatting-only,,,not-required,not-applicable,safe,approved,Empty paragraph used for spacing in the source document.
p907,47,heading,rewritten-for-clarity,S31,/objections/image-bearers/,not-required,not-applicable,safe,approved,"Section heading, restated as the page title in the registry."
p908,47,list-item,preserved,S31,/objections/image-bearers/,not-required,not-applicable,safe,approved,Substantive content carried into the destination page.
p909,47,scripture,preserved,S31,/objections/image-bearers/,not-required,public-domain,safe,approved,Scripture reference or quotation. Full displays render the public-domain World English Bible from the verified corpus rather than the copyrighted translation used in the source document.
p910,47,scripture,preserved,S31,/objections/image-bearers/,not-required,public-domain,safe,approved,Scripture reference or quotation. Full displays render the public-domain World English Bible from the verified corpus rather than the copyrighted translation used in the source document.
p911,48,scripture,preserved,S31,/objections/image-bearers/,not-required,public-domain,safe,approved,Scripture reference or quotation. Full displays render the public-domain World English Bible from the verified corpus rather than the copyrighted translation used in the source document.
p912,48,list-item,preserved,S31,/objections/image-bearers/,not-required,not-applicable,safe,approved,Substantive content carried into the destination page.
p913,48,list-item,preserved,S31,/objections/image-bearers/,not-required,not-applicable,safe,approved,Substantive content carried into the destination page.
p914,48,heading,rewritten-for-clarity,S32,/objections/satan-and-angels/,not-required,not-applicable,safe,approved,"Section heading, restated as the page title in the registry."
p915,48,list-item,preserved,S32,/objections/satan-and-angels/,not-required,not-applicable,safe,approved,Substantive content carried into the destination page.
p916,48,scripture,preserved,S32,/objections/satan-and-angels/,not-required,public-domain,safe,approved,Scripture reference or quotation. Full displays render the public-domain World English Bible from the verified corpus rather than the copyrighted translation used in the source document.
p917,48,scripture,preserved,S32,/objections/satan-and-angels/,not-required,public-domain,safe,approved,Scripture reference or quotation. Full displays render the public-domain World English Bible from the verified corpus rather than the copyrighted translation used in the source document.
p918,48,scripture,preserved,S32,/objections/satan-and-angels/,not-required,public-domain,safe,approved,Scripture reference or quotation. Full displays render the public-domain World English Bible from the verified corpus rather than the copyrighted translation used in the source document.
p919,48,list-item,preserved,S32,/objections/satan-and-angels/,not-required,not-applicable,safe,approved,Substantive content carried into the destination page.
p920,48,other,omitted-as-formatting-only,,,not-required,not-applicable,safe,approved,Empty paragraph used for spacing in the source document.
p921,48,heading,rewritten-for-clarity,S33,/objections/near-death-experiences/,not-required,not-applicable,safe,approved,"Section heading, restated as the page title in the registry."
p922,48,paragraph,preserved,S33,/objections/near-death-experiences/,verified,not-applicable,safe,approved,Substantive content carried into the destination page.
p923,48,list-item,preserved,S33,/objections/near-death-experiences/,not-required,not-applicable,safe,approved,Substantive content carried into the destination page.
p924,48,list-item,preserved,S33,/objections/near-death-experiences/,not-required,not-applicable,safe,approved,Substantive content carried into the destination page.
p925,48,list-item,preserved,S33,/objections/near-death-experiences/,not-required,not-applicable,safe,approved,Substantive content carried into the destination page.
p926,48,list-item,preserved,S33,/objections/near-death-experiences/,not-required,not-applicable,safe,approved,Substantive content carried into the destination page.
p927,48,scripture,preserved,S33,/objections/near-death-experiences/,not-required,public-domain,safe,approved,Scripture reference or quotation. Full displays render the public-domain World English Bible from the verified corpus rather than the copyrighted translation used in the source document.
p928,48,heading,rewritten-for-clarity,S34,/objections/jesus-heaven-versus-hell/,not-required,not-applicable,safe,approved,"Section heading, restated as the page title in the registry."
p929,48,list-item,preserved,S34,/objections/jesus-heaven-versus-hell/,not-required,not-applicable,safe,approved,Substantive content carried into the destination page.
p930,49,other,omitted-as-formatting-only,,,not-required,not-applicable,safe,approved,Empty paragraph used for spacing in the source document.
p931,49,paragraph,preserved,S34,/objections/jesus-heaven-versus-hell/,not-required,not-applicable,safe,approved,Substantive content carried into the destination page.
p932,49,other,omitted-as-formatting-only,,,not-required,not-applicable,safe,approved,Empty paragraph used for spacing in the source document.
p933,49,paragraph,preserved,S34,/objections/jesus-heaven-versus-hell/,not-required,not-applicable,safe,approved,Substantive content carried into the destination page.
p934,49,paragraph,preserved,S34,/objections/jesus-heaven-versus-hell/,verified,not-applicable,safe,approved,Substantive content carried into the destination page.
p935,49,other,omitted-as-formatting-only,,,not-required,not-applicable,safe,approved,Empty paragraph used for spacing in the source document.
p936,49,other,omitted-as-formatting-only,,,not-required,not-applicable,safe,approved,Empty paragraph used for spacing in the source document.
p937,49,other,omitted-as-formatting-only,,,not-required,not-applicable,safe,approved,Empty paragraph used for spacing in the source document.
p938,49,heading,relocated,,/sources/,not-required,not-applicable,safe,approved,"Further-reading entry from the source document, migrated into the source library with a rights and link status."
p939,49,paragraph,relocated,,/sources/,verified,not-applicable,safe,approved,"Further-reading entry from the source document, migrated into the source library with a rights and link status."
p940,49,other,omitted-as-formatting-only,,,not-required,not-applicable,safe,approved,Empty paragraph used for spacing in the source document.
p941,49,paragraph,relocated,,/sources/,verified,not-applicable,safe,approved,"Further-reading entry from the source document, migrated into the source library with a rights and link status."
p942,49,other,omitted-as-formatting-only,,,not-required,not-applicable,safe,approved,Empty paragraph used for spacing in the source document.
p943,49,paragraph,relocated,,/sources/,verified,not-applicable,safe,approved,"Further-reading entry from the source document, migrated into the source library with a rights and link status."
p944,49,paragraph,relocated,,/sources/,not-required,not-applicable,safe,approved,"Further-reading entry from the source document, migrated into the source library with a rights and link status."
p945,49,paragraph,relocated,,/sources/,verified,not-applicable,safe,approved,"Further-reading entry from the source document, migrated into the source library with a rights and link status."
p946,49,other,omitted-as-formatting-only,,,not-required,not-applicable,safe,approved,Empty paragraph used for spacing in the source document.
p947,49,paragraph,relocated,,/sources/,verified,not-applicable,safe,approved,"Further-reading entry from the source document, migrated into the source library with a rights and link status."
p948,49,other,omitted-as-formatting-only,,,not-required,not-applicable,safe,approved,Empty paragraph used for spacing in the source document.
p949,49,paragraph,relocated,,/sources/,verified,not-applicable,safe,approved,"Further-reading entry from the source document, migrated into the source library with a rights and link status."
p950,50,other,omitted-as-formatting-only,,,not-required,not-applicable,safe,approved,Empty paragraph used for spacing in the source document.
p951,50,other,omitted-as-formatting-only,,,not-required,not-applicable,safe,approved,Empty paragraph used for spacing in the source document.
p952,50,paragraph,preserved,APP1,/appendix/afterlife-odds/,not-required,not-applicable,safe,approved,Substantive content carried into the destination page.
p953,50,list-item,preserved,APP1,/appendix/afterlife-odds/,not-required,not-applicable,safe,approved,Substantive content carried into the destination page.
p954,50,image,relocated,APP1,/appendix/afterlife-odds/,not-required,not-applicable,safe,approved,"Image content rebuilt as text, a semantic table or an accessible SVG. See the media disposition record."
p955,50,paragraph,preserved,APP1,/appendix/afterlife-odds/,not-required,not-applicable,safe,approved,Substantive content carried into the destination page.
p956,50,paragraph,preserved,APP1,/appendix/afterlife-odds/,not-required,not-applicable,safe,approved,Substantive content carried into the destination page.
p957,50,paragraph,preserved,APP1,/appendix/afterlife-odds/,not-required,not-applicable,safe,approved,Substantive content carried into the destination page.
p958,50,other,omitted-as-formatting-only,,,not-required,not-applicable,safe,approved,Empty paragraph used for spacing in the source document.
p959,50,other,omitted-as-formatting-only,,,not-required,not-applicable,safe,approved,Empty paragraph used for spacing in the source document.
p960,50,other,omitted-as-formatting-only,,,not-required,not-applicable,safe,approved,Empty paragraph used for spacing in the source document.
p961,50,other,omitted-as-formatting-only,,,not-required,not-applicable,safe,approved,Empty paragraph used for spacing in the source document.
p962,50,image,relocated,APP1,/appendix/afterlife-odds/,not-required,not-applicable,safe,approved,"Image content rebuilt as text, a semantic table or an accessible SVG. See the media disposition record."
p963,50,other,omitted-as-formatting-only,,,not-required,not-applicable,safe,approved,Empty paragraph used for spacing in the source document.
p964,50,paragraph,preserved,APP1,/appendix/afterlife-odds/,not-required,not-applicable,safe,approved,Substantive content carried into the destination page.
p965,50,other,omitted-as-formatting-only,,,not-required,not-applicable,safe,approved,Empty paragraph used for spacing in the source document.
p966,50,paragraph,preserved,APP1,/appendix/afterlife-odds/,not-required,not-applicable,safe,approved,Substantive content carried into the destination page.
p967,50,other,omitted-as-formatting-only,,,not-required,not-applicable,safe,approved,Empty paragraph used for spacing in the source document.
p968,50,paragraph,preserved,APP1,/appendix/afterlife-odds/,not-required,not-applicable,safe,approved,Substantive content carried into the destination page.
p969,51,other,omitted-as-formatting-only,,,not-required,not-applicable,safe,approved,Empty paragraph used for spacing in the source document.
p970,51,paragraph,preserved,APP1,/appendix/afterlife-odds/,not-required,not-applicable,safe,approved,Substantive content carried into the destination page.
p971,51,paragraph,preserved,APP1,/appendix/afterlife-odds/,not-required,not-applicable,safe,approved,Substantive content carried into the destination page.
p972,51,other,omitted-as-formatting-only,,,not-required,not-applicable,safe,approved,Empty paragraph used for spacing in the source document.
p973,51,paragraph,preserved,APP1,/appendix/afterlife-odds/,not-required,not-applicable,safe,approved,Substantive content carried into the destination page.
p974,51,other,omitted-as-formatting-only,,,not-required,not-applicable,safe,approved,Empty paragraph used for spacing in the source document.
p975,51,list-item,preserved,APP2,/appendix/net-outcome-of-humanity/,not-required,not-applicable,safe,approved,Substantive content carried into the destination page.
p976,51,other,omitted-as-formatting-only,,,not-required,not-applicable,safe,approved,Empty paragraph used for spacing in the source document.
p977,51,paragraph,preserved,APP2,/appendix/net-outcome-of-humanity/,not-required,not-applicable,safe,approved,Substantive content carried into the destination page.
p978,51,paragraph,preserved,APP2,/appendix/net-outcome-of-humanity/,not-required,not-applicable,safe,approved,Substantive content carried into the destination page.
p979,51,paragraph,preserved,APP2,/appendix/net-outcome-of-humanity/,not-required,not-applicable,safe,approved,Substantive content carried into the destination page.
p980,51,paragraph,preserved,APP2,/appendix/net-outcome-of-humanity/,not-required,not-applicable,safe,approved,Substantive content carried into the destination page.
p981,51,other,omitted-as-formatting-only,,,not-required,not-applicable,safe,approved,Empty paragraph used for spacing in the source document.
p982,51,paragraph,preserved,APP2,/appendix/net-outcome-of-humanity/,not-required,not-applicable,safe,approved,Substantive content carried into the destination page.
p983,51,other,omitted-as-formatting-only,,,not-required,not-applicable,safe,approved,Empty paragraph used for spacing in the source document.
p984,51,paragraph,preserved,APP2,/appendix/net-outcome-of-humanity/,not-required,not-applicable,safe,approved,Substantive content carried into the destination page.
p985,51,paragraph,preserved,APP2,/appendix/net-outcome-of-humanity/,not-required,not-applicable,safe,approved,Substantive content carried into the destination page.
p986,51,scripture,preserved,APP2,/appendix/net-outcome-of-humanity/,not-required,public-domain,safe,approved,Scripture reference or quotation. Full displays render the public-domain World English Bible from the verified corpus rather than the copyrighted translation used in the source document.
p987,51,other,omitted-as-formatting-only,,,not-required,not-applicable,safe,approved,Empty paragraph used for spacing in the source document.
p988,52,paragraph,preserved,APP2,/appendix/net-outcome-of-humanity/,not-required,not-applicable,safe,approved,Substantive content carried into the destination page.
p989,52,paragraph,preserved,APP2,/appendix/net-outcome-of-humanity/,not-required,not-applicable,safe,approved,Substantive content carried into the destination page.
p990,52,paragraph,preserved,APP2,/appendix/net-outcome-of-humanity/,not-required,not-applicable,safe,approved,Substantive content carried into the destination page.
p991,52,paragraph,preserved,APP2,/appendix/net-outcome-of-humanity/,not-required,not-applicable,safe,approved,Substantive content carried into the destination page.
p992,52,paragraph,preserved,APP2,/appendix/net-outcome-of-humanity/,not-required,not-applicable,safe,approved,Substantive content carried into the destination page.
p993,52,paragraph,preserved,APP2,/appendix/net-outcome-of-humanity/,not-required,not-applicable,safe,approved,Substantive content carried into the destination page.
p994,52,paragraph,preserved,APP2,/appendix/net-outcome-of-humanity/,not-required,not-applicable,safe,approved,Substantive content carried into the destination page.
p995,52,scripture,preserved,APP2,/appendix/net-outcome-of-humanity/,not-required,public-domain,safe,approved,Scripture reference or quotation. Full displays render the public-domain World English Bible from the verified corpus rather than the copyrighted translation used in the source document.
p996,52,paragraph,preserved,APP2,/appendix/net-outcome-of-humanity/,not-required,not-applicable,safe,approved,Substantive content carried into the destination page.
p997,52,paragraph,preserved,APP2,/appendix/net-outcome-of-humanity/,not-required,not-applicable,safe,approved,Substantive content carried into the destination page.
p998,52,paragraph,preserved,APP2,/appendix/net-outcome-of-humanity/,not-required,not-applicable,safe,approved,Substantive content carried into the destination page.
p999,52,paragraph,preserved,APP2,/appendix/net-outcome-of-humanity/,not-required,not-applicable,safe,approved,Substantive content carried into the destination page.
p1000,52,paragraph,preserved,APP2,/appendix/net-outcome-of-humanity/,not-required,not-applicable,safe,approved,Substantive content carried into the destination page.
p1001,52,paragraph,preserved,APP2,/appendix/net-outcome-of-humanity/,not-required,not-applicable,safe,approved,Substantive content carried into the destination page.
p1002,52,other,omitted-as-formatting-only,,,not-required,not-applicable,safe,approved,Empty paragraph used for spacing in the source document.
p1003,52,paragraph,preserved,APP2,/appendix/net-outcome-of-humanity/,not-required,not-applicable,safe,approved,Substantive content carried into the destination page.
link01,,hyperlink,relocated,,/sources/,verified,not-applicable,safe,approved,"Hyperlink from the source document, given a record in the source library with an access date, link status and rights status."
link02,,hyperlink,relocated,,/sources/,verified,not-applicable,safe,approved,"Hyperlink from the source document, given a record in the source library with an access date, link status and rights status."
link03,,hyperlink,relocated,,/sources/,verified,not-applicable,safe,approved,"Hyperlink from the source document, given a record in the source library with an access date, link status and rights status."
link04,,hyperlink,relocated,,/sources/,verified,not-applicable,safe,approved,"Hyperlink from the source document, given a record in the source library with an access date, link status and rights status."
link05,,hyperlink,relocated,,/sources/,verified,not-applicable,safe,approved,"Hyperlink from the source document, given a record in the source library with an access date, link status and rights status."
link06,,hyperlink,relocated,,/sources/,verified,not-applicable,safe,approved,"Hyperlink from the source document, given a record in the source library with an access date, link status and rights status."
link07,,hyperlink,relocated,,/sources/,verified,not-applicable,safe,approved,"Hyperlink from the source document, given a record in the source library with an access date, link status and rights status."
link08,,hyperlink,relocated,,/sources/,verified,not-applicable,safe,approved,"Hyperlink from the source document, given a record in the source library with an access date, link status and rights status."
link09,,hyperlink,relocated,,/sources/,verified,not-applicable,safe,approved,"Hyperlink from the source document, given a record in the source library with an access date, link status and rights status."
link10,,hyperlink,relocated,,/sources/,verified,not-applicable,safe,approved,"Hyperlink from the source document, given a record in the source library with an access date, link status and rights status."
link11,,hyperlink,relocated,,/sources/,verified,not-applicable,safe,approved,"Hyperlink from the source document, given a record in the source library with an access date, link status and rights status."
link12,,hyperlink,relocated,,/sources/,verified,not-applicable,safe,approved,"Hyperlink from the source document, given a record in the source library with an access date, link status and rights status."
link13,,hyperlink,relocated,,/sources/,verified,not-applicable,safe,approved,"Hyperlink from the source document, given a record in the source library with an access date, link status and rights status."
link14,,hyperlink,relocated,,/sources/,verified,not-applicable,safe,approved,"Hyperlink from the source document, given a record in the source library with an access date, link status and rights status."
link15,,hyperlink,relocated,,/sources/,verified,not-applicable,safe,approved,"Hyperlink from the source document, given a record in the source library with an access date, link status and rights status."
link16,,hyperlink,relocated,,/sources/,verified,not-applicable,safe,approved,"Hyperlink from the source document, given a record in the source library with an access date, link status and rights status."
link17,,hyperlink,relocated,,/sources/,verified,not-applicable,safe,approved,"Hyperlink from the source document, given a record in the source library with an access date, link status and rights status."
link18,,hyperlink,relocated,,/sources/,verified,not-applicable,safe,approved,"Hyperlink from the source document, given a record in the source library with an access date, link status and rights status."
link19,,hyperlink,relocated,,/sources/,verified,not-applicable,safe,approved,"Hyperlink from the source document, given a record in the source library with an access date, link status and rights status."
link20,,hyperlink,relocated,,/sources/,verified,not-applicable,safe,approved,"Hyperlink from the source document, given a record in the source library with an access date, link status and rights status."
link21,,hyperlink,relocated,,/sources/,verified,not-applicable,safe,approved,"Hyperlink from the source document, given a record in the source library with an access date, link status and rights status."
link22,,hyperlink,relocated,,/sources/,verified,not-applicable,safe,approved,"Hyperlink from the source document, given a record in the source library with an access date, link status and rights status."
link23,,hyperlink,relocated,,/sources/,verified,not-applicable,safe,approved,"Hyperlink from the source document, given a record in the source library with an access date, link status and rights status."
link24,,hyperlink,relocated,,/sources/,verified,not-applicable,safe,approved,"Hyperlink from the source document, given a record in the source library with an access date, link status and rights status."
link25,,hyperlink,relocated,,/sources/,verified,not-applicable,safe,approved,"Hyperlink from the source document, given a record in the source library with an access date, link status and rights status."
link26,,hyperlink,relocated,,/sources/,verified,not-applicable,safe,approved,"Hyperlink from the source document, given a record in the source library with an access date, link status and rights status."
link27,,hyperlink,relocated,,/sources/,verified,not-applicable,safe,approved,"Hyperlink from the source document, given a record in the source library with an access date, link status and rights status."
link28,,hyperlink,relocated,,/sources/,verified,not-applicable,safe,approved,"Hyperlink from the source document, given a record in the source library with an access date, link status and rights status."
link29,,hyperlink,relocated,,/sources/,verified,not-applicable,safe,approved,"Hyperlink from the source document, given a record in the source library with an access date, link status and rights status."
link30,,hyperlink,relocated,,/sources/,verified,not-applicable,safe,approved,"Hyperlink from the source document, given a record in the source library with an access date, link status and rights status."
link31,,hyperlink,relocated,,/sources/,verified,not-applicable,safe,approved,"Hyperlink from the source document, given a record in the source library with an access date, link status and rights status."
link32,,hyperlink,relocated,,/sources/,verified,not-applicable,safe,approved,"Hyperlink from the source document, given a record in the source library with an access date, link status and rights status."
link33,,hyperlink,relocated,,/sources/,verified,not-applicable,safe,approved,"Hyperlink from the source document, given a record in the source library with an access date, link status and rights status."
link34,,hyperlink,relocated,,/sources/,verified,not-applicable,safe,approved,"Hyperlink from the source document, given a record in the source library with an access date, link status and rights status."
link35,,hyperlink,relocated,,/sources/,verified,not-applicable,safe,approved,"Hyperlink from the source document, given a record in the source library with an access date, link status and rights status."
link36,,hyperlink,relocated,,/sources/,verified,not-applicable,safe,approved,"Hyperlink from the source document, given a record in the source library with an access date, link status and rights status."
link37,,hyperlink,relocated,,/sources/,verified,not-applicable,redacted,approved,Personal contact link. Replaced by the structured correction form; the address is never published.
